:020000040800F2
:10000000F8420020C50100088D4B0008A93B0008FC
:10001000894B0008490900085D66000800000000DF
:10002000000000000000000000000000415D00082A
:100030006509000800000000515C0008C962000862
:10004000DF010008DF010008DF010008DF01000810
:10005000DF010008DF010008DF010008DF01000800
:10006000DF010008DF010008DF010008DF010008F0
:100070004D09000859090008DF010008DF010008E8
:10008000DF010008DF010008DF010008DF010008D0
:10009000DF010008DF010008DF010008DF010008C0
:1000A000DF010008DF010008DF010008DF010008B0
:1000B000DF010008ED620008DF010008DF01000831
:1000C000DF010008DF010008DF010008DF01000890
:1000D000DF010008DF010008DF01000851660008A9
:1000E000DF010008DF010008DF01000800F002F86E
:1000F00000F058F814A696E8000CB244B344DA4570
:1001000001D100F04FF8BAE80F000FA696E83000D2
:10011000A5EB040504EB0607AAEB0704A7F101070A
:100120004FEA15154FEA3414A4F10104AC4201D38F
:1001300000F038F813F0010F18BFFB1A43F0010369
:1001400000F001F8DBE71847BCB30000DCB30000A7
:10015000103A24BF78C878C1FAD8520724BF30C8F3
:1001600030C144BF04680C60704700007047000055
:100170000023002400250026103A28BF78C1FBD8B0
:10018000520728BF30C148BF0B607047642900F098
:10019000CB80732900F05782002070471FB51FBD28
:1001A00010B510BD00F085FA1146FFF7F7FF06F015
:1001B000EDFA00F0A3FA03B4FFF7F2FF03BC00F07E
:1001C000ABFA00000948804709480047FEE7FEE710
:1001D000FEE7FEE7FEE7FEE7FEE7FEE7FEE7FEE7F7
:1001E00004480549054A064B70470000E9620008CB
:1001F000ED000008F83C0020F8420020F83E002006
:10020000F83E00200FB41CB5074B06AA7B44694694
:100210000090059800F0E5F90020694600F0F4F937
:100220001CBC5DF814FB0000F90300000FB41CB502
:100230000C0007AA009007D04142A14202D32044FB
:10024000401E01E04FF0FF30074B7B4469460190B0
:10025000069800F0C6F90020002C01D00099087023
:100260001CBC5DF814FB0000C50300002DE9F04143
:100270000E460446002020622046E168884730B3DD
:10028000252805D0D4E901219047206A401CF2E7D7
:10029000E168204600278847050018D0A5F14100F5
:1002A000192802D820354FF40067324629462046E7
:1002B0002760FFF76BFF40B1012804D0F61D26F040
:1002C00007060836D8E7361DD6E72846DAE7206A5B
:1002D000BDE8F08170B50C460546012A05D02878A6
:1002E000800600D5EA69002302E0012305E05B1CDB
:1002F000934202D2E05C0028F9D1A869E618C01A3E
:10030000A861286A184428622846AFF3008004E0F8
:10031000D5E9012114F8010B9047B442F8D32846DF
:10032000AFF3008070BD00002DE9F04106460024C7
:1003300010687529314616A510D0AFF3008000284B
:1003400002DA404213A507E031688A0701D512A5F9
:1003500002E0490704D511A5012401E0AFF30080B4
:1003600000210A2206F1240709E0B0FBF2FCB0FBF1
:10037000F2F302FB1C00303078541846491C002868
:10038000F3D123462A463046BDE8F04100F0CAB812
:10039000000000002D0000002B00000020000000E5
:1003A00040EA010310B59B070FD1042A0DD310C8F2
:1003B00008C9121F9C42F8D020BA19BA884201D944
:1003C000012010BD4FF0FF3010BD1AB1D30703D08C
:1003D000521C07E0002010BD10F8013B11F8014B42
:1003E0001B1B07D110F8013B11F8014B1B1B01D15E
:1003F000921EF1D1184610BD10B5431C02E010F852
:10040000011B71B18107FAD14FF0013202C88C1A79
:100410008C4314EAC211F9D0C01A0A0603D0C01ED8
:1004200010BDC01A10BD0A0401D0801E10BD090203
:10043000FCD0401E10BD032A40F2308010F0030CA7
:1004400000F0158011F8013BBCF1020F624498BF27
:1004500011F801CB00F8013B38BF11F8013BA2F1C4
:10046000040298BF00F801CB38BF00F8013B11F03F
:10047000030300F0EC80083AC0F0088051F8043B18
:10048000083A51F804CBA0E80810F5E7121D5CBF4C
:1004900051F8043B40F8043BAFF30080D20724BF7F
:1004A00011F8013B11F801CB48BF11F8012B24BF13
:1004B00000F8013B00F801CB48BF00F8012B704762
:1004C00002F0FF0343EA032242EA024200F002B8CC
:1004D0004FF0000200B5134694469646203922BFDD
:1004E000A0E80C50A0E80C50B1F12001BFF4F7AF28
:1004F000090728BFA0E80C5048BF0CC05DF804EB0A
:10050000890028BF40F8042B08BF704748BF20F877
:10051000022B11F0804F18BF00F8012B7047704775
:10052000704770472DE9F0470D46994692460446BC
:1005300000F124080168880604D5E06921F0100163
:10054000216000E00120A84201DD471B00E00027F8
:10055000A1697A1902EB0900081AA0612078C00687
:1005600002D42046AFF30080002608E0D4E9012140
:100570001AF806009047206A401C761C20624E45FF
:10058000F4DB2078C0060AD52046AFF3008006E0F1
:10059000D4E9012130209047206A401C2062381E97
:1005A000A7F10107F4DC07E0D4E9012118F8050000
:1005B0009047206A401C2062281EA5F10105F3DC4B
:1005C0002046AFF300802078000602D50220BDE867
:1005D000F0870120FBE7000001694A1C02610878EE
:1005E000704700B58FB0CDE9013100210591054973
:1005F0007944CDE9031011466846FFF737FE0FB086
:1006000000BD0000E5FFFFFF0A6802F8010B0A6069
:100610007047D1E900239A4202D2531C0B6010703C
:10062000704710B5436913B1AFF3008001E0FFF7E5
:1006300051FE012010BD127800F124010A70002241
:100640004A700122EDE711684FF0FF32E9E710B57B
:10065000203AC0F00B80B1E81850A0E81850B1E87B
:100660001850A0E81850203ABFF4F5AF5FEA027CBA
:1006700024BFB1E81850A0E8185044BF18C918C0EA
:10068000BDE810405FEA827C24BF51F8043B40F88B
:10069000043B08BF7047D20728BF31F8023B48BF70
:1006A00011F8012B28BF20F8023B48BF00F8012BAE
:1006B0007047754600F02CF8AE4605006946534673
:1006C00020F00700854618B020B5FFF789FDBDE88A
:1006D00020404FF000064FF000074FF000084FF0A9
:1006E000000BAC46ACE8C009ACE8C009ACE8C009F6
:1006F000ACE8C00921F007018D46704710B50446EB
:10070000AFF300802046BDE81040FFF754BD000065
:10071000004870471000002001491820ABBEFEE7DA
:100720002600020070470000B0B582B004460020E9
:10073000019021688A68D2074BD1886840F0010097
:10074000886040F20800C2F2000000684DF6836144
:10075000C4F21B31A0FB0101880C01900198A0B1EB
:10076000019801380190019878B101980138019001
:10077000019850B1019801380190019828B1019871
:100780000138019001980028EAD100F057FF216854
:100790008968C9071CD1054603E000BF8068C0070F
:1007A00016D100F04BFF411B20680329F6D3816866
:1007B000C907F3D1A06A40F01000A062E06A40F0DF
:1007C0000100E062002084F82400012002B0B0BDE6
:1007D000002002B0B0BD000010B584B0282000F0A9
:1007E00005FE40F230704FF0FF34C2F200000DF110
:1007F0000F0270210123009400F0D8FF9DF80F0034
:1008000000070CD440F6BE00029040F23070C2F2F5
:10081000000002AA70210323009401F0C7F904B07C
:1008200010BD0000F0B585B0044643F2AC3040F294
:10083000307604900020C2F200060D46ADF80C00A0
:1008400002904FF0FF3704AA30467021032300972F
:1008500001F0ACF94B2000F0C9FD02AA304670212E
:100860000623009700F0A2FF9DF9080000282BD472
:100870009DF80A109DF80B609DF80900090141EAF6
:10088000161141EA003064219DF80C7048430AF0CB
:1008900059F84FF056510AF0D1F8286006F00F00D1
:1008A00039029DF80D2041EA00401044C821484318
:1008B0000AF048F84FF056510AF0C0F80021CCF287
:1008C000482109F015FF206005B0F0BD70B540F279
:1008D0009014C2F20004257840F6140640F6140085
:1008E000C2F20006C2F200004FF00C0125B102F086
:1008F000DDFC002003E000BF02F06AFC64203168E8
:10090000086485F00100207070BD000010B540F251
:100910007400C2F20000006806F0DEF940F614042C
:10092000C2F2000420460C2102F0C0FC2068002125
:10093000016410BD40F27400C2F2000000684FF480
:10094000FA7106F0ABB90000FEE7000040F2EC607F
:10095000C2F2000000F0E8BB40F2A860C2F2000062
:1009600000F0E2BB70470000082888BF70472DE9FF
:10097000F0410C46DFE810F00A00BE004A007C009F
:100980003A00F0000201AE00120100BF40F21C6804
:10099000C2F20008D8E9000509F07EFE06462046AE
:1009A0000F4609F0EAFB49F69A1249F69913C9F67F
:1009B0009912C3F6B97309F083FC32463B4609F03D
:1009C00061F9044628460E4609F066FE02460B46CB
:1009D0002046314609F003FF28B92046314609F088
:1009E0001FF9C8F80000BDE8F041704740F21C60F4
:1009F000C2F20000C18A028B21449142F3DA01293C
:100A0000A8BFC182BDE8F041704700BF40F21C683A
:100A1000C2F20008D8E9020509F03EFE064620466B
:100A20000F4609F0AAFB49F69A1249F69913C9F63E
:100A30009912C3F6B97309F043FC32463B4609F0FC
:100A400021F9044628460E4609F026FE02460B46CA
:100A50002046314609F0C3FE0028C4D12046314665
:100A600009F0DEF8C8F80800BDE8F041704700BFA3
:100A700040F21C68C2F20008D8E9025009F00CFEEE
:100A8000064620460F4609F078FB49F69A1249F6C9
:100A90009913C9F69912C3F6B97309F011FC3246DD
:100AA0003B4609F0EFF8044628460E4609F0F4FDEF
:100AB00002460B462046314609F098FE002892D1A6
:100AC0002046314609F0ACF8C8F80C00BDE8F0410A
:100AD000704700BF40F21C60C2F20000818A428A67
:100AE000214491427FF77FAF6329D8BF8182BDE85F
:100AF000F041704740F21C68C2F20008D8E900508B
:100B000009F0CAFD064620460F4609F036FB49F6B5
:100B10009A1249F69913C9F69912C3F6B97309F0F6
:100B2000CFFB32463B4609F0ADF8044628460E4658
:100B300009F0B2FD02460B462046314609F056FE4A
:100B400000287FF450AF2046314609F069F8C8F814
:100B50000400BDE8F041704740F21C60C2F20000A2
:100B6000018BC28A214491427FF73DAF42F20F725E
:100B70009142D8BF0183BDE8F041704740F21C604C
:100B8000C2F20000418A828A21449142BFF62BAF13
:100B90000129A8BF4182BDE8F041704740F21C60C6
:100BA000C2F20000018A21444A1E622A98BF0182D3
:100BB000BDE8F0417047000010B540F21C60C2F281
:100BC00000004FF44874002140F2500E048350247A
:100BD000C4F270110022002340F2000CC0F21E0E7D
:100BE000C0F21404C4F2F012C4F2A013C4F28C2CAC
:100BF00080E80E10C0E9044E10BD0000EFF3108035
:100C000072B600BFFEE7000070B581B0002200920E
:100C100090F82420012A03D10221084601B070BDBA
:100C20004A680123062A02EB820E80F8243007D896
:100C3000D0F800C06FF004030CF134060CE000BFE4
:100C4000D0F800C00C2A87BF0CF12C066FF04003CF
:100C50000CF130066FF022030EEB03021F23346801
:100C600003FA02F50B6824EA050503FA02F22A43A7
:100C70003260092B03EB43021AD9DCF80C601E3AF0
:100C8000072589689540AE43914023F00102314326
:100C9000102ACCF80C1015D142F20041C4F2010127
:100CA0008C4517D0816A41F02001816201210AE060
:100CB000DCF81030072689689640B3439140194309
:100CC000CCF810100021002280F82420084601B042
:100CD00070BD00BF89680902F4D4DCF80810102B3D
:100CE00041F40001CCF80810ECD140F20801C2F246
:100CF000000109684DF68362C4F21B32A1FB0212A7
:100D0000910C01EB81014900009100990029D9D093
:100D100000990139009100990029D3D00099013937
:100D2000009100990029CDD00099013900910099D6
:100D30000029C7D0009901390091009900294FF08E
:100D40000001E5D1BFE700000068C06C70470000FB
:100D5000002804BF01207047B0B50446806A28B15E
:100D600021688868C0070CD115E000BF0020E06250
:100D700084F82400204600F097F821688868C007AE
:100D800009D0886820F00100886000F057FC2168D5
:100D90008A68D20726D1A06AC0063AD4A06A41F276
:100DA000021290430230A062E069D4E9013240EAC5
:100DB000030C531EB3FA83F35D091346B2F5807F2B
:100DC00018BF2B02207D257B01284CEA45002CD141
:100DD00035B3A56A45F02005A562E56A45F0010531
:100DE000E56222E0054602E08868C007D3D000F043
:100DF00025FC401B21680328F6D38868C007F3D080
:100E0000A06A40F01000A062E06A40F00100E062D9
:100E1000A06AA06A40F01000A0620120B0BD00BF2F
:100E2000A56903EB4533A3F5C0534D68B2F5807F48
:100E300025F4694543EA05034B608B684FF2FD7565
:100E4000CFF6E17503EA050343EA00038B6001D0A6
:100E5000012A07D122690023CFF6F07303EB025277
:100E600001E000BF0022CB6A23F470031A43CA6278
:100E7000896840F6FE62CFF61F721140814207D1A9
:100E80000020E062A16A012262F30101A162B0BD0B
:100E9000A06A40F0100020F00200A062E06A40F07A
:100EA0000100E0620120B0BD80B586B0006842F666
:100EB0000001C4F2010188424FF00001CDE90411A4
:100EC000CDE9021124D042F20041C4F2010188426E
:100ED0003FD141F21800C4F20200016841F40071F0
:100EE0000160016801F4007101910199016841F00C
:100EF000080101600068022100F0080001900198DB
:100F000040F60000C4F2010000F580601BE000BF65
:100F100041F21800C4F20200016841F480610160EE
:100F2000016801F4806101910199016841F00401B7
:100F300001600068012100F004000190019840F672
:100F40000000C4F2010002910321039102A900F004
:100F500061FA06B080BD000010B5044690F8240088
:100F6000012804BF022010BD012084F8240020467F
:100F7000FFF7DAFB20B1002084F82400012010BD27
:100F800042F2044C2068A16AC4F2010C40F2013222
:100F900091430CF57F7201F580719042A16229D0D6
:100FA000A16A21F48011A1624168490504D5A16AB2
:100FB000012363F30D31A162A16A0023C9044FF03C
:100FC000000144BFE16A21F00601E1626FF0020115
:100FD00084F824300160816801F46021B1F5602F4C
:100FE0001BD1904214D0816841F4A001816000209F
:100FF00010BD00BFDCF8001011F4702FD0D0A16A32
:1010000041F48011A162DCF800104905CFD4D3E788
:10101000DCF8001011F4702FE5D0816841F48011E4
:101020008160002010BD0000014690F821000228D8
:1010300016D10868D1E90FC3026822F00E020260DF
:10104000026822F001020260012000FA03F2CCF8EB
:10105000042081F821000020002281F82020704720
:10106000042088630120002281F8202070470000BE
:1010700090F82110022923D1026840F2040C116873
:10108000C4F2020C21F00E01116013682F21C4F28A
:1010900002018A4223F00103136015DD3023C4F2FC
:1010A00002039A421CD04423C4F202039A421BD08A
:1010B0005823C4F202039A421CD14FF4803321E03A
:1010C00004218163012070470823C4F202039A427D
:1010D0000ED01C23C4F202039A420BD1102311E05C
:1010E0004FF480730EE000BF4FF480530AE000BF5E
:1010F000012307E00CF168014FF080738A4208BFBA
:101100004FF480130121CCF8003080F82110416B9E
:101110000022002980F8202004BF0020704780B5FD
:101120008847002080BD000010B5D0E90FCE0168CF
:10113000DCF800300A6823FA0EF35C072AD512F0B7
:10114000040427D00A68920603D40A6822F0040235
:101150000A602F22C4F20202914240F20402C4F259
:1011600002025BDD3023C4F20203994272D04423B1
:10117000C4F20203994273D05823C4F20203994285
:1011800040F07A804FF480231360C16A002940F058
:1011900098806FE09C0727D512F0020424D00A68DB
:1011A000920606D40A6822F00A020A60012280F838
:1011B00021202F22C4F20202914240F20402C4F222
:1011C00002023BDD3023C4F20203994260D0442383
:1011D000C4F2020399425FD05823C4F20203994239
:1011E00060D14FF4003365E01B0743D512F00802CD
:1011F00008BF10BD0A6822F00E020A60012101FA40
:101200000EF2CCF80420816380F82110016B0022DB
:10121000002980F8202054D12CE000BF0823C4F21C
:101220000203994222D01C23C4F20203994223D123
:1012300040231360C16A002943D11BE00823C4F294
:10124000020399422CD01C23C4F20203994229D1F3
:1012500020232FE04FF480631360C16A89BB09E04B
:101260004FF480431360C16A59BB03E00423136049
:10127000C16A31BB10BD00BF02F168044FF080634A
:10128000A14208BF4FF480031360C16AC9B9F1E7F6
:101290004FF400730EE000BF4FF400530AE000BFAC
:1012A000022307E002F168044FF00073A14208BF77
:1012B0004FF400131360816A0022002980F8202077
:1012C000D8D0BDE810400847014600284FF0010083
:1012D00008BF70472DE9F043D1F800C04FF6F8730E
:1012E000CBF6FD734CF6CD426344CCF6CC42A3FB67
:1012F00002236FF0030202EA93020023C4F2020306
:1013000001F10C08C1E90F320222D1E9019E98E8EF
:10131000F00181F82120DCF8002043F6F0739A43B5
:1013200042EA090242EA0E0222432A4332433A4386
:1013300042EA0802CCF8002000228A6381F82100EA
:1013400081F820200020BDE8F043704790F820C0CD
:10135000BCF1010F04BF02207047F0B54FF0010E41
:1013600080F820E090F821C0BCF1010F26D14FF0A9
:10137000020C80F821C04FF0000CC0F838C0D0E952
:1013800000C4C56AC66BDCF80070102C27F001079A
:10139000CCF80070006C0EFA00F070600846CCF8D3
:1013A000043004BF10460A46CCF80800CCF80C20E4
:1013B000DCF8000045B140F00E000DE0002180F89F
:1013C00020100220F0BD00BF20F00400CCF8000087
:1013D000DCF8000040F00A00CCF80000DCF8000067
:1013E00040F00100CCF800000020F0BDB0B504468C
:1013F00000F024F9054640F20000C2F20000007837
:10140000611C18BF044400BF00F018F9401BA04243
:10141000FAD3B0BD2DE9F04F82B00E68002E00F077
:10142000FD8041F20042C4F20102042340F2004E6A
:10143000904208BF03234FF6FF7CC4F2010E0093D5
:1014400000240123C1F2100C4FF0000A4FF00009F4
:101450004BE000BF41F20002C4F20102009F904243
:1014600008BF022704F00C030F229A402BEA020265
:1014700007FA03F34FEA9A051A4346F825204E6807
:1014800040F20C45F202DEF8082054BF22EA0802BE
:1014900042EA0802C4F20105CEF808202A68B30225
:1014A00054BF22EA080242EA08022A60B303DEF8C7
:1014B000042054BF22EA080242EA0802F303CEF8ED
:1014C0000420DEF800204FF0010354BF22EA080296
:1014D00042EA0802CEF800200E680AF1010A36FA44
:1014E0000AF204F1040400F0998003FA0AFB16EAF8
:1014F0000B08F1D04E68664512DC122E56D8DFE894
:1015000006F0350B4D4955555555555555555555BD
:1015100055555545510000BFD1F80C9046E000BF2D
:101520004FF6FF72C1F2210296420FDC0022C1F297
:10153000110296421AD00022C1F21202964215D030
:101540000022C1F22102964210D02FE00022C1F207
:10155000220296420AD00022C1F23102964205D000
:101560000022C1F23202964220D100BF8A684AB1FD
:10157000012A14BFC0F814B0C0F810B04FF0080929
:1015800014E000BF4FF0040910E000BFCA6802F188
:1015900004090BE04FF0000908E000BFCA6802F13F
:1015A000080903E0CA6802F10C0900BF024626469A
:1015B000B8F5807F24BF0432203E17680F25B54060
:1015C00027EA050509FA06F635431560CA79D206F9
:1015D0007FF582AF41F21803C4F202031A68AEF538
:1015E0007E7642F001021A601A6802F0010201924E
:1015F000019A2AF0030256F802B040F60002C4F243
:101600000102904208D040F60042C4F2010290422A
:101610007FF420AF012725E7002723E702B0BDE8CC
:10162000F08F00008068084018BF0120704700005C
:10163000002A08BF090401617047000043F2FC5012
:10164000C2F2000000687047002804BF0120704704
:10165000F0B581B0044690F83D0028B9002084F828
:101660003C00204600F090FB242084F83D002068D8
:10167000016821F001010160016841F4004101604D
:10168000016821F40041016000F028FE636848F21F
:10169000A16CC0F2010C40F60011C0F23D0163459F
:1016A0003CBF48F28041C0F21E01884202D20120B4
:1016B00001B0F0BD4DF68361C4F21B31A0FB0112F5
:1016C0002168970CD1F804E04FF496762EF03F0590
:1016D00045EA92454D60774348F638160D6AC0F2E8
:1016E0004106A7FB067625F03F07634538BF960CF9
:1016F000721C3A430A62CA6948F2A0664CF6FF7748
:10170000C0F20106B34222EA07020BD801385B009F
:10171000B0FBF3F001306FF31F30042898BF0420B2
:101720001BE000BFA768013857B119277B43B0FB06
:10173000F3F001306FF31F3070B100F5804007E027
:1017400003EB4303B0FBF3F001306FF31F3018B12C
:1017500000F5004001E000BF01201043C8610868A7
:10176000D4E9072320F0C0001043184308608868BC
:1017700048F2FF3204F10C0790438CCF184310431A
:10178000A6698860C86820F0FF0038433043C8600D
:10179000086840F00100086000202021206484F8DF
:1017A0003D10206384F83E0001B0F0BD2DE9F04704
:1017B00084B0044600201F46164689460290FFF773
:1017C0003DFF94F83D10202924D10546206800BF34
:1017D000816989071AD5FFF731FF411B20681A2953
:1017E000F6D381698907F3D500202021206384F88E
:1017F0003D1084F83E00216C41F02001216484F802
:101800003C00022004B0BDE8F08700BF94F83C1013
:10181000012903D1022004B0BDE8F087012184F83A
:101820003C100168C90703D1016841F00101016062
:101830000168DDF8308021F400610160222184F824
:101840003D10102184F83E100021216466626785F6
:10185000618D0227C0F201072185A7F10211E16223
:10186000E16A026811F5803F42F48062026018BFAD
:1018700001293DD1016841F48071016020464FF09B
:10188000011100224346009502F080FC50B120680F
:101890000068C00544BF4FF400702064012004B00C
:1018A000BDE8F0872069B0F5804F27D149F00100ED
:1018B000C0B2216842460861204639462B4602F0F4
:1018C0004BFD0028EAD1208D022861D0012849D0A3
:1018D000002840F073800020039020684169039144
:1018E000816903910399016841F40071016071E01D
:1018F0000829BFD0216B1129BCD0BFE7062000EA20
:10190000D916206806F1F0010161B91D2046424652
:101910002B4602F021FD0028C0D120685FFA89F132
:1019200001612046394642462B4602F015FD00284B
:10193000B4D10020039020680022416943460391FE
:10194000816903910399016841F480710160204627
:101950004FF00111009502F019FC002897D146F0D4
:10196000F100A6E72068016821F480610160EFF3CF
:10197000108072B60020039020684169039181694C
:1019800003910399016841F40071016062B621E09E
:101990002068016841F400610160EFF3108072B6C5
:1019A00000200390206841690391816903910399A4
:1019B000016821F48061016062B60BE02068016873
:1019C00041F48061016000210391416903918069C4
:1019D00003900398208D002800F0CA8040F2080987
:1019E0004BF2895A0237C2F20009C1F2F84A2326A3
:1019F0000EE000BF10690870606A218D01306062DE
:101A0000481E2085618D01396185010400F0B08098
:101A100080B203280CD802282CD001284AD12046B5
:101A200041462A4602F004FD002800F09C8035E77C
:101A3000204641462A4602F0FBFC00287FF42EAFE8
:101A40002068616A00690870606A2268411C208D04
:101A5000616201382085638D013B638553695B07B3
:101A6000D3D580B20328C5D1106820F480601060FF
:101A7000C0E700BF2046394600224346009502F0E9
:101A800085FB00287FF40AAFEFF3108072B6206860
:101A9000616A026842F40072026000690870606A5C
:101AA000218D01306062481E2085608D013860857F
:101AB00062B658E02046394600224346009502F0BF
:101AC00065FB00287FF4EAAE2068016821F480619C
:101AD0000160EFF3108072B62068616A00690870D7
:101AE000606A218D0130013960622185618D013983
:101AF0006185D9F80010C908A1FB0A12110A7143C7
:101B00000291029901390291029900293CD0216881
:101B10004A69520717D4029A013A0292029A9AB37A
:101B20004A6952070FD4029A013A0292029A5AB3B2
:101B30004A69520707D4029A013A0292029A1AB3EA
:101B40004A695207DDD50A6842F400720A600969E1
:101B50000170606A218D01306062481E2085608DB1
:101B60000138608562B62068616A006943E700BF9A
:101B7000202084F83D00002084F83E0084F83C00DA
:101B800004B0BDE8F08700BF00202021206384F866
:101B90003D1084F83E00216C41F02001216462B6C2
:101BA00084F83C00012004B0BDE8F0872DE9F04343
:101BB00083B01E46174689460446FFF73FFD94F85A
:101BC0003D10202924D10546206800BF816989077E
:101BD0001AD5FFF733FD411B20681A29F6D3816916
:101BE0008907F3D500202021206384F83D1084F874
:101BF0003E00216C41F02001216484F83C00022069
:101C000003B0BDE8F08300BF94F83C10012903D174
:101C1000022003B0BDE8F083012184F83C10016884
:101C2000C90703D1016841F001010160016840F278
:101C3000020821F400610160212184F83D10102187
:101C400084F83E100021216467626685618DC0F2D0
:101C500001082185A8F10211E162E16A0A9E11F5ED
:101C6000803F18BF01291DD1016841F480710160D6
:101C700020464FF0011100223346009502F086FA0B
:101C800050B120680068C00544BF4FF40070206464
:101C9000012003B0BDE8F0832069B0F5804F07D183
:101CA000FE2015E00829DFD0216B1229DCD0DFE708
:101CB000062000EAD9102168F030086108F1060119
:101CC000204632462B4602F047FB0028E0D1FF2099
:101CD000216800EA090008612046414632462B4649
:101CE00002F03AFB0028D3D100200290206841691D
:101CF000029180690290029806E000BF20463146BA
:101D00002A4602F0E5F918BB208D68B3204631461B
:101D10002A4602F0D5FBD8B9606A2168024612F85B
:101D2000013B0B616262628D013A6285228D531E16
:101D300023854F697F07E1D51B04DFD0437802304C
:101D40000B616062608D01386085901E2085D5E74B
:101D5000206C04289CD12068016841F40071016066
:101D6000012003B0BDE8F0832068016841F40071F0
:101D70000160202084F83D00002084F83E0084F8B3
:101D80003C0003B0BDE8F08310B586B0016845F2B1
:101D90000040C4F2000081424FF00001CDE904117F
:101DA000CDE9021102D006B010BD00BF41F2180407
:101DB000C4F20204216800F5384041F008012160B6
:101DC000216801F0080101910199C02102911221BD
:101DD00003910321059102A9FFF71CFB606840F401
:101DE00000106060606800F400100190019806B077
:101DF00010BD000040F2000043F2FC51C2F20000AE
:101E0000C2F2000100780A681044086070470000C0
:101E100080B542F20000C4F20200016841F01001F6
:101E20000160032000F0C8F80F2000F005F800F072
:101E30005DF8002080BD0000B0B586B041F21C0105
:101E4000C4F202010A68044642F002020A6009680C
:101E500001A801F0020101910199694600F01CFA04
:101E6000049D002D18BF012500F038FA4DF683615E
:101E7000A840C4F21B31A0FB01014FF0FF3000EB82
:101E8000914140F2CC7040F20042C2F20000C4F234
:101E9000000240F2E7330025C0E90021C0E9025307
:101EA0000561856100F086FC10B106B0B0BD00BFD1
:101EB00040F2CC70C2F2000000F012FD0028F4D114
:101EC0001D2000F03BF80F2C0CD81D2021460022CD
:101ED00000F046F840F204010020C2F200010C605C
:101EE00006B0B0BD012006B0B0BD000080B582B024
:101EF00041F21800C4F202000168002241F0010121
:101F00000160016801F0010101910199416841F00E
:101F10008051416040680F2100F08050009000988F
:101F20006FF0010000F01CF80420C4F20100016809
:101F3000022262F31A61016002B080BD002848BF2E
:101F4000704700F01F01012202FA01F11C2202EA8F
:101F5000D0004EF20012CEF2000281507047000015
:101F600010B54EF60C5CCEF2000CDCF80030C3F37A
:101F7000022E8EF00704042C28BF0424BEF10303B4
:101F80004FF0FF3E0EFA04F438BF0023A1439940FE
:101F90000EFA03F39A43114300F00F0200F160437D
:101FA0000901043A03F564436244002848BF02F182
:101FB0000C03197010BD00004EF60C51CEF200015A
:101FC0000A684FF6FF031A4060F30A2242F080606D
:101FD00040F0FD70086070472DE9F04182B0044682
:101FE000007841F21C06C007C4F202064AD03068ED
:101FF0005FEAC00808D4306840F080503060306834
:1020000000F080500190019847F20007C4F20007E9
:102010003868C00512D4386840F480703860FFF723
:102020000DFB05463868C00508D4FFF707FB401BC9
:102030006428F7D9032002B0BDE8F081706810F47D
:10204000407012D0616801F4407188420DD0706810
:1020500040F24042C4F24222012320F44071136056
:102060000023C0071360716026D17068616820F496
:1020700040700843B8F1000F706003D4306820F05E
:10208000805030602068810707D556F8181CA26878
:1020900021F44041114346F8181CC00607D556F8F4
:1020A000180CE16820F48000084346F8180C002062
:1020B00002B0BDE8F08100BFFFF7C0FA054641F26B
:1020C000883700BF70688007CFD4FFF7B7FA401B8E
:1020D000B8424FF00300F5D9EAE70000002804BF3A
:1020E000012070472DE9F04381B042F20008C4F2AC
:1020F00002080446D8F800000D4600F007008142AF
:102100000CD9D8F8000020F007002843C8F80000D8
:10211000D8F8000000F00700A8426CD1206841F216
:1021200004098107C4F2020917D5410705D5D9F87A
:10213000001041F4E061C9F80010010705D5D9F895
:10214000001041F46051C9F80010D9F80010A268DD
:1021500021F0F0011143C9F80010C00742D1D8F8AE
:10216000000000F0070085420CD2D8F8000020F0F3
:1021700007002843C8F80000D8F8000000F0070066
:10218000A84238D12068410707D5D9F80010E26885
:1021900021F4E0611143C9F80010000708D5D9F80F
:1021A0000000216920F4605040EAC100C9F8000035
:1021B000D9F8002002F00C00082841F20020C0F2FB
:1021C0007A004DD14BF21023C2F38341C0F60003D5
:1021D000595CD20338D440F60010C0F23D004843A9
:1021E0003EE000BF606859F8041C022808D00128AE
:1021F00026D1890306D4012001B0BDE8F08300BFD9
:102200008901F8D5D9F8001021F003010843C9F875
:102210000000FFF713FA064641F28837D9F80000AC
:10222000616800F00C00B0EB810F98D0FFF706FA60
:10223000801BB842F2D9032001B0BDE8F08300BF93
:102240008907D8D5DEE700BFD9F800204AF6245325
:10225000C2F34042C0F600039A5C4843B0FBF2F080
:10226000D9F800104AF6BE42C1F30311C0F60002CD
:10227000515C40F2080220FA01F140F20400C2F27F
:1022800000000068C2F200021160FFF7D5FD0020D7
:1022900001B0BDE8F08300000F22026041F20402A9
:1022A000C4F20202136803F003034360136803F0EF
:1022B000F0038360136803F4E063C36012684FF4B3
:1022C000E06303EAD202026142F20000C4F20200BB
:1022D000006800F0070008607047000040F2080046
:1022E00041F20401C2F20000C4F202010068096870
:1022F0004AF6CE42C1F30221C0F60002515CC8404A
:102300007047000040F2080041F20401C2F20000F0
:10231000C4F20201006809684AF6CE42C1F3C22144
:10232000C0F60002515CC84070470000002804BF9E
:10233000012070472DE9F04182B00446007841F257
:102340000006C007C4F202060CD0706800F00C0052
:10235000042840F081803068800303D5606800283D
:1023600000F04681207880071BD5706810F00C0FB4
:1023700009D0706800F00C00082840F08780706871
:10238000C00300F183803068800703D520690128ED
:1023900040F02E813068616920F0F80040EAC10009
:1023A00030602078000713D4207840072CD4E569EA
:1023B000002D00F01881706800F00C00082840F033
:1023C000A780012D40F00481012002B0BDE8F0811A
:1023D000A069002800F084800020C4F2422001217E
:1023E000C0F88014FFF72AF9054600BF706A80071D
:1023F00000F1B280FFF722F9401B0228F6D9032032
:1024000002B0BDE8F08100BFF0695FEAC00808D4FF
:10241000F06940F08050F061F06900F08050009069
:10242000009847F20007C4F200073868C00549D495
:10243000386840F480703860FFF700F9054600BF47
:102440003868C0053ED4FFF7F9F8401B6428F7D977
:10245000032002B0BDE8F081706800F00C0008288D
:1024600003D17068C0033FF576AF6168306800291A
:1024700000F00C81B1F5A02F00F00081B1F5803F94
:1024800040F01A8140F480301CE100BF2069002830
:1024900040F20000C4F2422000F088800121016077
:1024A000FFF7CCF8054600BF306880073FF572AFF4
:1024B000FFF7C4F8401B0228F6D9032002B0BDE89C
:1024C000F08100BFE168306A002900F09D80052995
:1024D00000F09280012940F0AF8040F00100B1E0AF
:1024E0000020C4F242200021C0F88014FFF7A6F8B3
:1024F000054600BF706A80077FF556AFFFF79EF86C
:10250000401B0228F6D9032002B0BDE8F08100BFCD
:102510000027C4F2422700203866FFF78FF8022D0B
:1025200005460DD13068800140F1DE80FFF786F866
:10253000401B02284FF00300F4D902B0BDE8F0813F
:10254000306880014FD5FFF779F8401B02284FF023
:102550000300F5D9F1E700BF40F20800C2F2000025
:10256000006844F6D351C1F26201A0FB0101480AA0
:10257000019000BF00BF0198411E002801913FF467
:1025800013AF00BF0198411E002801913FF40CAF2A
:1025900000BF0198411E002801913FF405AF00BF24
:1025A0000198411E00280191E4D1FDE6002101605F
:1025B000FFF744F8054600BF306880077FF5F1AEAD
:1025C000FFF73CF8401B02284FF00300F4D9B4E7B2
:1025D0007068216A00F480328A4209D1616A00F48D
:1025E0007010884204D1002002B0BDE8F08100BF25
:1025F000012002B0BDE8F08140F004003062306A92
:1026000040F001001EE000BF20F001003062306A9F
:1026100020F004003062FFF711F8054641F28837D8
:10262000306A800720D5FFF709F8401BB8424FF009
:102630000300F5D981E700BF20F001003062306A65
:1026400020F004003062FEF7F9FF054641F28837BA
:10265000306A800708D4FEF7F1FF401BB842F7D973
:10266000032002B0BDE8F081B8F1000F3FF59FAE46
:10267000F06920F08050F06199E600BF40F48020BE
:102680003060306840F480301CE000BF20F48030BF
:102690003060306820F480203060FEF7CFFF0546C0
:1026A000306880037FF55EAEFEF7C8FF401B6428EC
:1026B0004FF00300F4D940E720F4803030603068F8
:1026C00020F480203060FEF7B9FF054630688003B3
:1026D0003FF548AEFEF7B2FF401B6428F6D9032051
:1026E00002B0BDE8F08100BF206AB0F5803F05D19F
:1026F0007168A26821F40031114371607168626AE7
:1027000021F4741111430843706001203866FEF70C
:1027100095FF0446306880013FF565AFFEF78EFFF8
:10272000001B02284FF00300F4D906E770470000B1
:102730007047000090F83C20012A4FF0020236D08A
:1027400010B580F83D200268D2F804E0D2F808C045
:102750000C682EF07003234340F2FF74C4F20004AF
:10276000A24253600ADCB2F1804F13D040F2004322
:10277000C4F200039A420DD011E000BF42F60043BC
:10278000C4F201039A4205D040F60003C4F20003EC
:102790009A4204D149682CF08003194391600121C9
:1027A000002280F83D1080F83C20BDE81040104623
:1027B00070470000002804BF0120704710B590F852
:1027C0003D1031B9002180F83C10044600F070F84B
:1027D0002046022180F83D10016840F2FF740B682A
:1027E000C4F2000442F6004CA142C4F2010C15DC14
:1027F000B1F1804F1AD040F20042C4F2000291427F
:1028000014D0A14218DCB1F1804F1DD040F200423B
:10281000C4F20002914217D01AE000BF614505D012
:1028200040F60002C4F200029142EAD1826823F02D
:1028300070031343A142E6DD614505D040F6000276
:10284000C4F20002914203D1026923F4407313439E
:10285000846923F08002D0F804E0C3682243614514
:102860000A60CB62C1F828E002D14269CCF830207E
:1028700001224A610B69DB0703D00B6923F00103D6
:102880000B6180F8462080F83E2080F83F2080F8D9
:10289000402080F8412080F8422080F8432080F8D2
:1028A000442080F8452080F83D20002010BD000025
:1028B000006840F60001C4F20001884218BF70476A
:1028C00081B041F21C00C4F20200016841F0040131
:1028D0000160006800F004000090009801B07047AB
:1028E00090F83D1001291CBF01207047022180F89B
:1028F0003D10006840F2FF72C168C4F200029042CD
:1029000041F00101C16009DCB0F1804F12D040F20A
:102910000041C4F2000188420CD012E042F60041AE
:10292000C4F20101884205D040F60001C4F2000162
:10293000884206D1816801F00701062904BF002002
:102940007047016841F001010160002070470000FC
:1029500090F83C20012A4FF002026CD080B580F83C
:102960003D20D0F800C04FF67772DCF8083023EA3B
:102970000202CCF808200B684F2B29DC1F2B45DD09
:10298000202B46D0302B44D0402B40F0AF80D1F8E4
:1029900004E0C968DCF82030DCF8202022F00102D5
:1029A000CCF82020DCF8182022F0F00242EA0111D5
:1029B00023F00A0242EA0E02CCF81810CCF82020CC
:1029C000DCF8081041F0470121F0300128E000BF99
:1029D0006F2B33DDB3F5005F74D0B3F5805F21D08A
:1029E000702B40F08380D1E901E3C968DCF808204E
:1029F00043EA0E0322F47F4243EA01211143CCF85B
:102A00000810DCF8081041F0770109E00BB1102B39
:102A10006CD1DCF8081021F07001194341F0070176
:102A2000CCF808100022012180F83D10002180F828
:102A30003C10BDE880401046704700BF502B21D0AD
:102A4000602B53D1D1F804E0C968DCF82030DCF801
:102A5000202022F01002CCF82020DCF8182022F4EC
:102A6000704242EA013123F0A00242EA0E12CCF891
:102A70001810CCF82020DCF8081041F0670121F094
:102A80001001CDE7D1F804E0C968DCF82030DCF8AB
:102A9000202022F00102CCF82020DCF8182022F0BF
:102AA000F00242EA011123F00A0242EA0E02CCF8D7
:102AB0001810CCF82020DCF8081041F0570121F064
:102AC0002001ADE7D1E901E3C968DCF8082043EA59
:102AD0000E0322F47F4243EA01211143CCF808108F
:102AE000DCF8081041F480419AE700BF01229AE720
:102AF000002804BF012070472DE9F04F81B090F805
:102B00003D2042B9002280F83C2004460D4600F0EA
:102B10009DF829462046022280F83D20026844F2B2
:102B20000705936842F6004CAB43936040F2FF7395
:102B30001468C4F200039A42C4F2010C14DCB2F12E
:102B4000804F19D040F20045C4F20005AA4213D0CC
:102B50009A4217DCB2F1804F1CD040F20043C4F21D
:102B600000039A4216D01AE0624505D040F60005EF
:102B7000C4F20005AA42EBD1856824F070042C430E
:102B80009A42E7DD624505D040F60003C4F2000337
:102B90009A4204D1036924F4407543EA050424F001
:102BA00080038469D0F804E0C5682343624513605C
:102BB000D562C2F828E002D14369CCF830304FF03A
:102BC000010EC2F814E01569ED0703D0156925F070
:102BD0000105156195689469D2F820C0D1E90038E3
:102BE000D1E9027B43EA050A8D694FF6FF7924EAB1
:102BF000090447EA05254FF6FC47BD43D1E90776AE
:102C000044EA0B040B692C4344EA07242CF0220706
:102C1000496944EA031347EA080743EA063347EAE7
:102C20000111C2F808A09361116280F846E080F8B3
:102C30003EE080F83FE080F842E080F843E080F832
:102C40003DE0002001B0BDE8F08F000080B586B007
:102C5000014640F60000C4F20100096800F5105377
:102C6000002299420592CDE90322029202D006B0D9
:102C700080BD00BF41F21801C4F202010B6843F4A9
:102C800000630B600B6803F400630193019B0B6806
:102C900043F004030B60096801F0040101910199FC
:102CA0004FF44071CDE9021202A90492FEF7B2FB83
:102CB00006B080BD80B590F83E2090F83F3090F887
:102CC00042E090F843C004290AD0B9B9012A4FF074
:102CD000010208BFBEF1010F34D0104680BD00BF15
:102CE000012B4FF0010208BFBCF1010FF5D1022109
:102CF00080F83F1080F8431000681EE0012A4FF072
:102D0000010208BF012BE8D1BEF1010FE5D1BCF1F2
:102D1000010FE2D1022280F83E2080F83F2080F8A7
:102D2000422080F8432091B10068016A21F001013E
:102D30000162016A41F00101016210216FF010028D
:102D400009E000BF022180F83E1080F842100068C0
:102D500001216FF00102036A1A400262026A114304
:102D600001620168002241F001010160104680BD4E
:102D70007047000070B504460068C5680669B10771
:102D800016D515F0020113D06FF002010161012187
:102D900021778069800703D02046FFF7E9FF05E02F
:102DA000204600F08FF8204600F010FA002020772F
:102DB000700719D515F0040016D020686FF00401D3
:102DC000016102212177806910F4407F04D0204600
:102DD000FFF7CEFF06E000BF204600F073F8204664
:102DE00000F0F4F900202077300717D515F008001F
:102DF00014D020686FF00801016104212177C069B7
:102E0000800703D02046FFF7B3FF05E0204600F01F
:102E100059F8204600F0DAF900202077F00619D59D
:102E200015F0100016D020686FF010010161082124
:102E30002177C06910F4407F04D02046FFF798FF47
:102E400006E000BF204600F03DF8204600F0BEF945
:102E500000202077F00718BF15F0010002D13006DE
:102E600009D412E020686FF001010161204600F0F2
:102E700071FA300609D515F0800006D020686FF091
:102E8000800101612046FFF751FC700609D515F05D
:102E9000400006D020686FF040010161204600F03C
:102EA00063FAB00658BF70BD15F0200008D0216845
:102EB0006FF0200220460A61BDE87040FFF738BC81
:102EC00070BD00007047000090F83C30012B04BF3B
:102ED000022070474FEAB202032A00F2F1802DE986
:102EE000F043DFE802F003A53B7500BF036842F63C
:102EF00000461D6A1A6AC4F2010622F001021A6233
:102F00001A465C6852F818CFB3428E68D1F800E0D8
:102F100025F0020545EA06050CD1CE68D1E9057811
:102F200024F4407425F00C0526F004063C43354398
:102F300044EA08042CF0730747EA0E075C609F61BF
:102F40004F6809695F631D629F6947F008079F61C9
:102F50009F6927F004079F61A6E000BF036842F65F
:102F600000461D6A1A6AC4F2010622F480721A62CF
:102F70001A46D3F804C052F81CEFB3428E680C68AE
:102F800025F4007545EA06250FD1CE68D1E90598EC
:102F9000360240F2FF4725F44065BE4335432CF42A
:102FA000405748EA090647EA061C2EF073072743F4
:102FB000C3F804C0DF614F680969DF631D62DF6920
:102FC00047F00807DF61DF6927F00407DF616BE086
:102FD000036842F60047D3F820C01A6AC4F201071A
:102FE00022F480521A621A465C6852F81C5FD1F8CB
:102FF00000E08E68BB4204D14F6924F4804444EA67
:1030000087142CF4005747EA063725F4E64646EACB
:103010000E265C60DE614E6809691E641F62DF690E
:1030200047F40067DF61DF6927F48067DF613AE01A
:10303000036842F600461D6A1A6AC4F2010622F0CD
:1030400010021A621A46D3F804C052F8184FB3425D
:103050008E68D1F800E025F0200545EA06150FD16D
:10306000CE68D1E905986FF0400725F0C00507EA62
:10307000061635432CF4406748EA090647EA860CF1
:1030800024F4E64444EA0E27C3F804C09F614F6865
:1030900009699F631D629F6947F400679F619F698B
:1030A00027F480679F6109021368194311600021AA
:1030B000BDE8F043002280F83C200846704700BF7E
:1030C0000121002280F83C2008467047002804BFF8
:1030D0000120704710B590F83D1031B9002180F8FB
:1030E0003C10044600F070F82046022180F83D10A4
:1030F000016840F2FF740B68C4F2000442F6004C11
:10310000A142C4F2010C15DCB1F1804F1AD040F29B
:103110000042C4F20002914214D0A14218DCB1F185
:10312000804F1DD040F20042C4F20002914217D0FD
:103130001AE000BF614505D040F60002C4F200026B
:103140009142EAD1826823F070031343A142E6DD85
:10315000614505D040F60002C4F20002914203D15D
:10316000026923F440731343846923F08002D0F88A
:1031700004E0C368224361450A60CB62C1F828E0DD
:1031800002D14269CCF8302001224A610B69DB0789
:1031900003D00B6923F001030B6180F8462080F80F
:1031A0003E2080F83F2080F8402080F8412080F8C1
:1031B000422080F8432080F8442080F8452080F8A1
:1031C0003D20002010BD0000704700007047000047
:1031D000C1B1042908D0082914BF41224022825CD1
:1031E000012A05D016E000BF3F22825C012A11D1DE
:1031F0000222082910D0042914BF80F8412080F849
:103200003F200BE090F83E20012A03D1022280F8F3
:103210003E2003E00120704780F84020006801F064
:103220001F010122036A8A4023EA02010162036A44
:1032300042F64441C4F201011A43A1F14403984209
:1032400002620FD040F2FF71C4F20001884213DC29
:10325000B0F1804F1CD040F20041C4F2000188421E
:1032600016D01CE00A6842F400420A6040F2FF7186
:10327000C4F200018842EBDD42F60041C4F20101D4
:10328000884205D040F60001C4F20001884206D110
:10329000816801F00701062904BF0020704701681A
:1032A00041F00101016000207047000080B5026814
:1032B00001F01F0C012303FA0CFE136A42F6004CC6
:1032C00023EA0E031362C4F2010C136A624513620F
:1032D00011D1DCF820C041F211131CEA030F0AD10E
:1032E000D2F820C040F244431CEA030F03D1536CD0
:1032F00023F400435364D2F820C041F211131CEAB6
:10330000030F06D1D2F820C040F244431CEA030F59
:1033100014D0082918D004290AD000294FF001013F
:1033200014BF80F8411080F83E10002080BD00BF1F
:10333000012180F83F10002080BD00BF136823F0FA
:10334000010313600829E6D1012180F84010002014
:1033500080BD0000006840F20041C4F200018842D4
:1033600018BF7047FEF746BD704700007047000069
:103370007047000090F8411090F842000843C0B236
:1033800070470000B0B582B001680A68CC684B692C
:1033900002F02F05202D04F0200505D125B102B043
:1033A000BDE8B04003F0D4B85FEA027C1EBF03F072
:1033B000010E04F4907313EB0E0341D1036BD50699
:1033C00018D5012B16D114F0100313D0002201924E
:1033D0000A6801924A680192019A496949064BD4E8
:1033E000818DC28DC38D002B18BF914240F0F481B6
:1033F00002B0B0BD13062DD514F080032AD090F88A
:103400004120212AF4D18268B2F5805F03D102699C
:10341000002A00F06782026A531C036212784A6035
:10342000C28C013A1304C284E2D1C86820F0800043
:10343000C860C86840F04000C86002B0B0BD00BFBE
:10344000D30718BF14F4807340F0D080530700F105
:10345000D380D8E05206CBD514F04002C8D0CA6859
:1034600022F04002CA60202180F8411002B0BDE87D
:10347000B04000F095BB00BFC16B0A68526893B2C0
:10348000002BB5D0858DAB42B2D2C2858969202987
:1034900000F0A180016851E8031F026821F48071E7
:1034A00042E80313DBB1016851E8031F026821F40D
:1034B000807142E8031393B1016851E8031F026869
:1034C00021F4807142E803134BB1016851E8031FF6
:1034D000026821F4807142E80313002BDAD10168FD
:1034E00051E8051F026821F0010142E80513C3B34A
:1034F000016851E8051F026821F0010142E8051347
:103500007BB3016851E8051F026821F0010142E820
:10351000051333B3016851E8051F026821F001016A
:1035200042E80513002BDAD11BE000BF016851E827
:10353000051F026821F0400142E80513DBB1016874
:1035400051E8051F026821F0400142E8051393B1DC
:10355000016851E8051F026821F0400142E80513A7
:103560004BB1016851E8051F026821F0400142E8B3
:103570000513002BDAD1202180F8421000210163CD
:10358000016851E8031F026821F0100142E80313AB
:10359000DBB1016851E8031F026821F0100142E825
:1035A000031393B1016851E8031F026821F0100171
:1035B00042E803134BB1016851E8031F026821F090
:1035C000100142E80313002BDAD1C16B0446084610
:1035D000FDF72AFD204602214163818DC28D891AA3
:1035E00089B202B0BDE8B040FFF7C0BE436C43F003
:1035F00001034364530706D5BEF1000F03D0436CAB
:1036000043F002034364930706D5BEF1000F03D0D5
:10361000436C43F004034364BCF1000F06D55EEA3B
:10362000050303D0436C43F008034364436C002B51
:103630003FF4DEAE920605D525B1044602F088FFC0
:10364000216820464969426C01F0400102F00802FD
:10365000891800F0B98000BF016851E8031F0268B3
:1036600021F4907142E80313BBB3016851E8031FD2
:10367000026821F4907142E8031373B3016851E8C2
:10368000031F026821F4907142E803132BB3016811
:1036900051E8031F026821F4907142E80313002BE4
:1036A000DAD11AE0016851E8051F026821F0010132
:1036B00042E80513DBB1016851E8051F026821F0FB
:1036C000010142E8051393B1016851E8051F026842
:1036D00021F0010142E805134BB1016851E8051FD3
:1036E000026821F0010142E80513002BDAD1016BD9
:1036F000012924D1016851E8031F026821F010015B
:1037000042E80313DBB1016851E8031F026821F0AE
:10371000100142E8031393B1016851E8031F0268E6
:1037200021F0100142E803134BB1016851E8031F77
:10373000026821F0100142E80313002BDAD12021A6
:1037400080F842100021016301684969490640F18F
:10375000C380016851E8051F026821F0400142E87A
:103760000513DBB1016851E8051F026821F0400133
:1037700042E8051393B1016851E8051F026821F082
:10378000400142E805134BB1016851E8051F02688A
:1037900021F0400142E80513002BDAD1C16B00296A
:1037A00000F09A8046F21132C0F600020446084644
:1037B0004A63FDF75DFC00283FF41AAEE06B416BF5
:1037C00002B0BDE8B04008470446FFF7D1FD002035
:1037D000606402B0B0BD00BF891A00BF026852E841
:1037E000032F036822F4907243E80325BDB30268F7
:1037F00052E8032F036822F4907243E8032575B35F
:10380000026852E8032F036822F4907243E803250C
:103810002DB3026852E8032F036822F4907243E844
:103820000325002DDAD11AE0026852E8052F03685B
:1038300022F0010243E80525DDB1026852E8052FB8
:10384000036822F0010243E8052595B1026852E8B9
:10385000052F036822F0010243E805254DB10268F7
:1038600052E8052F036822F0010243E80525002DE8
:10387000DAD1202280F8422000220263026852E856
:10388000032F036822F0100243E80325DDB102682C
:1038900052E8032F036822F0100243E8032595B194
:1038A000026852E8032F036822F0100243E8032560
:1038B0004DB1026852E8032F036822F0100243E87A
:1038C0000325002DDAD1022289B2426302B0BDE89D
:1038D000B040FFF74BBD00BF02B0BDE8B040FFF7FE
:1038E00047BD00BF026A32F8023B6FF35F234B60B3
:1038F000026295E5002804BF0120704710B5044618
:1039000090F8410028B9002084F84000204600F0DB
:1039100063F8242084F841002068D4E90212C368C7
:1039200023F40053C360036923F440531A43026134
:10393000D4E904231143C268194341F20C639A434A
:103940001143C1604169A26921F44071114343F6FA
:103950000002C4F201029042416103D0FEF7BEFCB6
:1039600002E000BFFEF7CEFCD4E900231921484352
:103970009900B0FBF1F048F21F5CC5F2EB1CA0FB14
:103980000C314FF69C734909C0F6FF7301FB03002D
:10399000322303EB0010A0FB0C03F02000EA5310CD
:1039A00000EB0110C3F3431108449060106920211B
:1039B00020F490401061506920F02A005061D068D6
:1039C00040F40050D0600020606484F8411084F816
:1039D0004210606310BD00002DE9F04186B040F652
:1039E00000450446C4F201050068A5F544410027DE
:1039F00088420597CDE90377029703D006B0BDE86A
:103A0000F08100BF41F21800C4F20200416802AE2A
:103A100041F480214160416840F21C0801F480219A
:103A2000019101990168C4F2020841F008010160A6
:103A30000068314600F00800019001984FF4806062
:103A4000029002200390032005902846FDF7E2FC37
:103A50004FF40060CDE90207284631460497FDF790
:103A6000D9FC40F2A86508F11400C2F200058026D6
:103A7000C5E900072846C5E90276C5E90477C5E926
:103A80000677FDF721FC002818BFFDF7B7F8E563BE
:103A90006C6240F2EC65C2F2000510200021C5E91D
:103AA00000802846C5E90216C5E90411C5E90611DA
:103AB000FDF70AFC002818BFFDF7A0F82720052114
:103AC0000022A5636C62FEF74BFA2720FEF736FA58
:103AD00006B0BDE8F08100007047000090F841306A
:103AE000202B09D1944600294FF0010218BFBCF1E8
:103AF000000F05D11046704702221046704700BFE4
:103B000070B5002221230162A0F824C0A0F826C0CD
:103B1000426480F841300468836B46F2994E46F265
:103B2000495546F21D36C0F6000EC0F60005C0F637
:103B30000006C3E90AE5C3E90C62221D04461846E3
:103B40006346FDF703FC216820466FF040020A60DF
:103B5000016851E8051F026841F0800142E8051341
:103B6000DBB1016851E8051F026841F0800142E8BD
:103B7000051393B1016851E8051F026841F0800107
:103B800042E805134BB1016851E8051F026841F096
:103B9000800142E80513002BDAD1002070BD00003F
:103BA0007047000070470000FEE7000070B584B069
:103BB00000204FF4806140F600040390CDE900102E
:103BC0000120C4F20104029069462046FDF722FC60
:103BD00020464FF400610022FDF72AFD20464FF4F5
:103BE00000610122FDF724FD20464FF48061FDF7BE
:103BF00019FD0546002820464FF400614FF00002F1
:103C000018BF0125FDF714FD20464FF40061012285
:103C1000FDF70EFD20464FF48061FDF703FD0028FF
:103C200018BF012040EA450620464FF400610022FB
:103C3000FDF7FEFC20464FF400610122FDF7F8FC81
:103C400020464FF48061FDF7EDFC05460028204634
:103C50004FF400614FF0000218BF0125FDF7E8FCAA
:103C600020464FF400610122FDF7E2FCB00040EA7B
:103C7000450520464FF48061FDF7D4FC002818BFAD
:103C800001202E1820464FF400610022FDF7D0FCE1
:103C900020464FF400610122FDF7CAFC20464FF494
:103CA0008061FDF7BFFC0546002820464FF4006107
:103CB0004FF0000218BF0125FDF7BAFC20464FF473
:103CC00000610122FDF7B4FCB00040EA4505204642
:103CD0004FF48061FDF7A6FC002818BF01202E18C4
:103CE00020464FF400610022FDF7A2FC20464FF46D
:103CF00000610122FDF79CFC20464FF48061FDF736
:103D000091FC0546002820464FF400614FF0000268
:103D100018BF0125FDF78CFC20464FF400610122FD
:103D2000FDF786FCB00040EA450520464FF480616F
:103D3000FDF778FC002818BF0120054420464FF409
:103D400000610022FDF774FCE8B204B070BD000011
:103D50002DE9F04F85B040F60004C4F201040E4690
:103D600080464FF480694FF0110A01274FF0020B93
:103D700001A920461546CDF80490CDF808A0039778
:103D8000CDF810B0FDF746FB20464FF480610122CC
:103D9000FDF74EFC20464FF400610122FDF748FC80
:103DA00020464FF480610022FDF742FC20464FF48C
:103DB00000610022FDF73CFC08F10100C0B200F0F8
:103DC00079F800F02BF948B101A92046CDE9019A14
:103DD000CDE9037BFDF71EFB50E000BF002D3FD077
:103DE0004FF480694FF0110A4FF0020B0DF10408F7
:103DF0001FE000BF012720464146CDE9019ACDE9E9
:103E0000037BFDF707FB20464FF480613A46FDF740
:103E10000FFC20464FF400610122FDF709FC20460B
:103E20004FF400610022FDF703FC013D06F101069D
:103E300016D0FFF7BBFE307020464FF40061002221
:103E4000FDF7F6FB012DD5D00120CDE9030B20466F
:103E50004146CDE9019AFDF7DDFA0027D3E700BF1F
:103E60004FF4806001901120029001200390022005
:103E7000049001A92046FDF7CDFA002720464FF413
:103E800000610022FDF7D4FB20464FF48061002240
:103E9000FDF7CEFB20464FF400610122FDF7C8FB81
:103EA00020464FF480610122FDF7C2FB384605B081
:103EB000BDE8F08FB0B584B005464FF48060009047
:103EC00011200190012040F6000402900220C4F26B
:103ED0000104039069462046FDF79CFA20464FF402
:103EE00000610022FDF7A4FBEA0920464FF480613F
:103EF000FDF79EFB20464FF400610122FDF798FB81
:103F000020464FF400610022FDF792FBC5F38012BA
:103F100020464FF48061FDF78BFB20464FF4006193
:103F20000122FDF785FB20464FF400610022FDF7DA
:103F30007FFBC5F3401220464FF48061FDF778FB0C
:103F400020464FF400610122FDF772FB20464FF43A
:103F500000610022FDF76CFBC5F3001220464FF410
:103F60008061FDF765FB20464FF400610122FDF7FB
:103F70005FFB20464FF400610022FDF759FBC5F3BB
:103F8000C00220464FF48061FDF752FB20464FF4FB
:103F900000610122FDF74CFB20464FF40061002236
:103FA000FDF746FBC5F3800220464FF48061FDF724
:103FB0003FFB20464FF400610122FDF739FB20460C
:103FC0004FF400610022FDF733FBC5F340022046A9
:103FD0004FF48061FDF72CFB20464FF40061012275
:103FE000FDF726FB20464FF400610022FDF720FB81
:103FF00005F0010220464FF48061FDF719FB2046D1
:104000004FF400610122FDF713FB20464FF40061DD
:104010000022FDF70DFB04B0B0BD0000B0B584B0C8
:1040200040F6000400254FF48060C4F20104CDE99D
:10403000000501200290694620460395FDF7EAF944
:1040400020464FF480610122FDF7F2FA20464FF43A
:1040500000610122FDF7ECFA20464FF48061FDF784
:10406000E1FA58B3FA2D05F10105F5D34FF480605C
:1040700000901120019002200125039069462046FE
:104080000295FDF7C7F920464FF400610022FDF7C5
:10409000CFFA20464FF480610022FDF7C9FA20468E
:1040A0004FF400610122FDF7C3FA20464FF480610E
:1040B0000122FDF7BDFA284604B0B0BD20464FF4FA
:1040C000006100220025FDF7B3FA284604B0B0BD18
:1040D00070B50368044653F8140F400711D40E4618
:1040E000481C29D086BB00BF1868400527D4FDF7BF
:1040F000A5FA236853F8140F400737D5186840070E
:10410000F2D5002070BD00BF18684007F9D41868C8
:10411000400514D418684007F3D4186840050ED43D
:1041200018684007EDD41868400508D4186840079F
:104130004FF0000048BF70BD18684005E4D56FF42B
:1041400080601860042012E0154603E053F8140F55
:104150004007D6D418684005F1D4FDF76FFA401B2C
:104160002368B042F2D958694007EFD420200021DB
:104170002022216384F83D2084F83E10226C1043F5
:104180002064012084F83C1070BD00002DE9F0414E
:10419000054600681E46144601F47F0201338FB2C3
:1041A00042D0DDF81880B2F5803F40F0878040694A
:1041B0003840C01BB0FA80F04009844240F0C8800B
:1041C0004EB924E040693840C01BB0FA80F0400985
:1041D000844240F0BD80FDF731FAA0EB0801286869
:1041E000B142EFD941693940C91BB1FA81F149099E
:1041F0008C42E7D19BE000BF40693840C01BB0FA59
:1042000080F0400984424FF0000040F0A280FDF7AA
:1042100015FA286841693940C91BB1FA81F1490989
:104220008C42E9D183E000BFB2F5803F24D100BFCA
:1042300041693940C91BB1FA81F149098C4240F00A
:10424000878041693940C91BB1FA81F149098C4223
:1042500040F07E8041693940C91BB1FA81F14909BA
:104260008C4275D141693940C91BB1FA81F14909C4
:104270008C42DDD06CE000BF81693940C91BB1FAC6
:1042800081F149098C4263D181693940C91BB1FA76
:1042900081F149098C425BD181693940C91BB1FA6E
:1042A00081F149098C4253D181693940C91BB1FA66
:1042B00081F149098C42DFD04AE000BF8069384073
:1042C000C01BB0FA80F04009844241D146B923E0D6
:1042D00080693840C01BB0FA80F04009844237D171
:1042E000FDF7ACF9A0EB08012868B142F0D981696B
:1042F0003940C91BB1FA81F149098C42E8D116E075
:1043000080693840C01BB0FA80F0400984424FF009
:10431000000018BFBDE8F081FDF790F928688169B9
:104320003940C91BB1FA81F149098C42E8D100201A
:104330002021286385F83D1085F83E00296C41F066
:104340002001296485F83C000120BDE8F08100BF10
:104350000020BDE8F0810000F0B581B0044600689F
:104360001D4643698FB203EA0701B94202D100201A
:1043700001B0F0BD4169164601323CD0490512D466
:104380007EB300BFFDF75AF9411B2068B14203D943
:1043900041693940B9422BD141693940B942E6D02F
:1043A00041694905EED5016841F4007101606FF47F
:1043B00080614161042000212022216384F83D2096
:1043C00084F83E10226C1043206484F83C100120D5
:1043D00001B0F0BD41693940B942C8D041694905D1
:1043E000E1D4FDF72BF9206841693940B942F1D099
:1043F0002020E0E741694905D5D441693940B942F7
:10440000B5D041694905CED441693940B942AED0F1
:1044100041694905C7D441693940B942A7D04169CA
:104420004905C0D441693940B942E3D19FE7000052
:1044300070B504460068154650F8143F5A063DD43E
:104440000E4629B926E000BF50F8141F490635D49E
:104450000168C90621D4FDF7F1F8411B2068B1427B
:10446000F2D941694906EFD400202021206384F865
:104470003D1084F83E00206C40F0200018E000BFA2
:10448000FDF7DCF8206850F8141F4906ECD50168E8
:10449000490613D40168C906F2D56FF01001016016
:1044A00000202021206384F83D1084F83E00206C19
:1044B0002064002084F83C00012070BD002070BD05
:1044C00070B50368044653F8140F000611D40E4665
:1044D000481C29D086BB00BF1868400527D4FDF7CB
:1044E000ADF8236853F8140F000637D51868000696
:1044F000F2D5002070BD00BF18680006F9D4186816
:10450000400514D418680006F3D4186840050ED48A
:1045100018680006EDD41868400508D4186800062D
:104520004FF0000048BF70BD18684005E4D56FF437
:1045300080601860042012E0154603E053F8140F61
:104540000006D6D418684005F1D4FDF777F8401B73
:104550002368B042F2D958690006EFD42020002128
:104560002022216384F83D2084F83E10226C104301
:104570002064012084F83C1070BD00002DE9F04F4C
:1045800085B040F60004C4F201040F4680464FF4A3
:1045900080694FF0110A01254FF0020B01A9204656
:1045A0001646CDF80490CDF808A00395CDF810B0CC
:1045B000FCF730FF20464FF480610122FDF738F808
:1045C00020464FF400610122FDF732F820464FF4F7
:1045D00080610022FDF72CF820464FF40061002294
:1045E000FDF726F84046FFF765FCFFF717FD48B1D9
:1045F000CDE9019ACDE9035B01A92046FCF70AFF4A
:1046000019E000BF4EB100BF17F8010BFFF752FCD5
:10461000FFF704FD60BB013EF6D14FF480600190CE
:1046200011200290012003900220049001A920464D
:10463000FCF7F0FE002520464FF400610022FCF755
:10464000F7FF20464FF480610022FCF7F1FF20467F
:104650004FF400610122FCF7EBFF20464FF480612C
:104660000122FCF7E5FF284605B0BDE8F08F00BF4A
:104670004FF48060019011200290012502200395E3
:104680000490B9E710B540F28474C2F200042046E9
:104690003C21FEF70FFB206847F6FF71416210BD19
:1046A00040F28470C2F20000016847F6FF7C4A6A5B
:1046B0000023B2EB0C0018BF0120B3EBD23F18BFB0
:1046C0000220C1F824C0704710B582B010208DF8C8
:1046D000070000240DF1070146200122ADF8044037
:1046E000FFF74CFF10B1204602B010BD01A94620D3
:1046F0000222FFF72DFB18B10024204602B010BDA6
:104700009DF904109DF8050001F07F0240EA0220A7
:10471000002948BF00F5004005F046FD43F2333361
:10472000C3F6F3734FF0333205F060FB05F0F6FC8F
:104730000446204602B010BD10B584B040F2486077
:1047400042F20041C2F20000C4F201010022012441
:104750004FF4602304730275C361C0E900128260E4
:104760000461FCF7F5FA002818BFFCF747FA0920A6
:10477000CDE901040720039040F24860C2F2000036
:1047800001A9FCF741FA002818BFFCF737FA04B07A
:1047900010BD0000B0B584B040F2786042F6000170
:1047A000C2F20000C4F20101002401254FF460228E
:1047B00005730475C261C0E9001484600561FCF7EB
:1047C000C7FA002818BFFCF719FA0720039040F237
:1047D0007860C2F2000001A9CDE90145FCF714FAA6
:1047E000002818BFFCF70AFA04B0B0BD80B582B04B
:1047F00041F21400C4F202000168002241F00101FC
:1048000001600068052100F00100019001980C2072
:10481000FDF7A6FB0C20FDF791FB0D2005210022E2
:10482000FDF79EFB0D2002B0BDE88040FDF786BB82
:1048300010B54BF23020C0F6000002F041F940F212
:104840007004C2F20004206040F6CD004AF6145312
:10485000C0F60000C0F600030121002202F0D8F9E2
:104860004AF6D8426060C0F600021020042102F02F
:1048700071F8A06045F6DD604AF67052C0F600009F
:10488000C0F60002002102F079F9E06045F61160FF
:104890004AF62852C0F60000C0F60002002102F0DD
:1048A0006DF9206145F691604AF64C52C0F6000061
:1048B000C0F60002002102F061F9606145F6B150D6
:1048C0004AF6F042C0F60000C0F60002002102F0F5
:1048D00055F9A06110BD00002DE9F04186B0002718
:1048E00041F21800CDE90477CDE90277C4F2020065
:1048F000016840F6000841F0200101600168C4F23F
:10490000010801F02001019101990168002241F0A4
:1049100004010160016801F004010191019901683D
:1049200041F00801016000684FF4E05100F0080018
:10493000019001984046FCF77BFE4FF4805008F54B
:10494000806602ADCDE90207304629460497FCF7A0
:1049500061FD4FF42040CDE902070124304629468D
:104960000494FCF757FD4FF4806002901120CDE9CC
:1049700003040226404629460596FCF74BFD4FF4FA
:10498000C05002A991C1404629460596FCF742FD58
:1049900006B0BDE8F081000080B540F2307045F20D
:1049A0000041C2F20000C4F2000141F6802200235F
:1049B0004FF4804CC0F2060280E80E00C0E9033CD0
:1049C000C0E90533C0E90733FCF73EFE002808BF05
:1049D00080BDBDE88040FCF711B9000010B58CB077
:1049E00040F2847042F600410024C2F20000C4F29A
:1049F00001014FF6FF73012280E81600C0E903347D
:104A0000022104AB16C30F21CDE907140B9103A9B2
:104A1000CDE90044C0E905440392CDE90924FEF73D
:104A200067F8002818BFFCF7E9F840F28470C2F27A
:104A300000006946CDE90044FDF77CFE002818BF60
:104A4000FCF7DCF80CB010BDB0B594B040F6000532
:104A500040F61400C4F200050021C2F20000472213
:104A600040F2F3130E91CDE90C110991CDE9071134
:104A7000CDE90511CDE90311CDE90111C0E90052DD
:104A8000C0E9021301618161FDF794FE002818BF9F
:104A9000FCF7B4F84FF480500B9040F61400C2F2CB
:104AA00000000BA9FDF754FF002818BFFCF7A6F87B
:104AB00040F61400C2F20000FEF708FB002818BF01
:104AC000FCF79CF840F614000024C2F2000008A98C
:104AD000CDE90844FDF72EFE002818BFFCF78EF83C
:104AE0006020CDE901040394059440F61404C2F259
:104AF000000401A920460C22FEF7E6F9002818BFA1
:104B0000FCF77CF821680020A942CDE91200119041
:104B1000109001D014B0B0BD41F21800C4F20200F0
:104B2000016841F008010160006810A900F0080068
:104B30000F900F984FF40070109002201190139076
:104B400005F58230FCF766FC14B0B0BD80B540F6C8
:104B50005C0044F60001C2F20000C4F20001002330
:104B60004FF00C0C4FF4165280E80E00C0E90333EE
:104B7000C0E905C3C361FEF7BDFE002808BF80BDC4
:104B8000BDE88040FCF73AB8FEE70000FEE7000011
:104B90002DE9F04F099E90424AD11A46994288BFAA
:104BA0000A4638BF0B4641B2B1F1FF3F1ADD40F271
:104BB00098170121C2F2000726B929E00133DEB2BD
:104BC000964251D8DEB23F2EF8D803F0F80607EB34
:104BD000061603F00705345C01FA05F524EA05051D
:104BE0003554EBE7581CC0B290423DD8981CC0B277
:104BF000904239D8D81CC0B2904235D80433D8B2CC
:104C00009042EFD930E000BF0133DEB296422BD89C
:104C1000DEB23F2EF8D803F0F80607EB061603F0D5
:104C20000705345C01FA05F525433554ECE700BF70
:104C300099421BD19042114688BF014638BF0246B7
:104C4000402BC0F07F8000BF501CC0B288420BD800
:104C5000901CC0B2884207D8D01CC0B2884203D88A
:104C60000432D0B28842EFD9BDE8F08FA2EB000C3D
:104C7000A3EB010EBCF1010F4FF0010B4FF0010A45
:104C8000B8BF4FF0FF3BBEF1010FB8BF4FF0FF3A86
:104C9000BCF1000F48BFCCF1000CBEF1000F48BFC3
:104CA000CEF1000EF44540F28D8040F298190023B9
:104CB0004FF00108C2F2000976B92FE01BB273442D
:104CC0001C045844BCEBE43F04B21DB2DCBF5144A9
:104CD000A5EB0C039442C7D00406EFD4CEB23F2E0E
:104CE000ECD806F00705C1F3C20600F07F0409EB1B
:104CF000C616375D08FA05F527EA05053555DDE7DF
:104D00001BB273441C045844BCEBE43F04B21DB214
:104D1000DCBF5144A5EB0C039442A5D00406EFD4AC
:104D2000CEB23F2EECD806F00705C1F3C20600F064
:104D30007F0409EBC616375D08FA05F53D43355586
:104D4000DEE700BF03F00700012707FA00F0002E9E
:104D50004FEAD30300F0868040F29817C2F20007B2
:104D6000C04307EBC31304E00432D7B28F423FF6CF
:104D70007BAF57B2002F03D4D7B2DE5D0640DE55BD
:104D8000561CF7B28F423FF66FAF76B2002E02D4B8
:104D9000DE5D0640DE55961CF7B28F423FF664AFEB
:104DA00076B2002E02D4DE5D0640DE55D61CF7B288
:104DB0008F423FF659AF76B2002ED5D4DE5D064065
:104DC000DE55D1E740F2981900224FF00108C2F2F7
:104DD000000986B933E000BF12B2624414045144A2
:104DE000BEEBE43F0CB215B2DCBF5844A5EB0E029B
:104DF0009C423FF439AF0406EED4CEB23F2EEBD83E
:104E000006F00705C1F3C20600F07F0409EBC616E1
:104E1000375D08FA05F527EA05053555DCE700BFDB
:104E200012B2624414045144BEEBE43F0CB215B21A
:104E3000DCBF5844A5EB0E029C423FF415AF0606BA
:104E4000EED4CEB23F2EEBD8C1F3C20400F07F0700
:104E500009EBC41406F00706E55D08FA06F63543CB
:104E6000E555DDE740F29817C2F2000707EBC313E0
:104E700005E000BF0432D7B28F423FF6F5AE57B21D
:104E8000002F03D4D7B2DE5D0643DE55561CF7B2C1
:104E90008F423FF6E9AE76B2002E02D4DE5D0643C5
:104EA000DE55961CF7B28F423FF6DEAE76B2002E8C
:104EB00002D4DE5D0643DE55D61CF7B28F4288BFB2
:104EC000BDE8F08F76B2002ED4D4DE5D0643DE5509
:104ED000D0E70000F0B581B040F2985440F2307550
:104EE000C2F20004AE20C2F2000560704FF0FF363F
:104EF00028467A212246022300960227FCF756FE16
:104F000028467A212246022367700096FCF74EFE5F
:104F10001020607028467A21224602230096FCF772
:104F200045FE402728467A212246022367700096D4
:104F3000FCF73CFEB020607028467A21224602230E
:104F40000096FCF733FE8120607028467A212246C5
:104F500002230096FCF72AFECF20607028467A21B3
:104F6000224602230096FCF721FEA120607028460D
:104F70007A21224602230096FCF718FEA6206070D4
:104F800028467A21224602230096FCF70FFEA8202D
:104F9000607028467A21224602230096FCF706FE1E
:104FA0003F20607028467A21224602230096FCF7B3
:104FB000FDFDAD20607028467A212246022300962E
:104FC000FCF7F4FD8B20607028467A2122460223EC
:104FD0000096FCF7EBFD3320607028467A212246CC
:104FE00002230096FCF7E2FDC820607028467A2173
:104FF000224602230096FCF7D9FDD3206070284694
:105000007A21224602230096FCF7D0FD0020607032
:1050100028467A21224602230096FCF7C7FDD520B8
:10502000607028467A21224602230096FCF7BEFDD6
:10503000C020607028467A21224602230096FCF7A1
:10504000B5FDD920607028467A21224602230096B9
:10505000FCF7ACFD1F20607028467A21224602230F
:105060000096FCF7A3FDDA20607028467A212246DC
:1050700002230096FCF79AFD1220607028467A21E0
:10508000224602230096FCF791FDDB206070284643
:105090007A21224602230096FCF788FD28467A21D1
:1050A0002246022367700096FCF780FD40F29810BC
:1050B000C2F200004FF48061FBF70AFA00F064FCD2
:1050C000AF20607028467A21224602230096FCF722
:1050D0006DFD01B0F0BD000080B540F29810C2F245
:1050E00000004FF48061FBF7F3F980BD2DE9F04734
:1050F00082B09A46137813B30646DDF828809AF8F2
:1051000001008946571E00BF9AF80050A3F1200203
:10511000EB1DDAF80410DC08C3B202FB03F000FB5D
:105120000412F0B24946CDE9005800F031F99AF87E
:105130000100BB780644002B07F10107E4D102B05F
:10514000BDE8F0872DE9F04F87B092F80090049207
:10515000B9F1000F039100F097800446581C0290AB
:10516000187859780730C00848430430049D9A469F
:105170005FFA80FB4FF000081AE000BF221D069C7A
:10518000BA463D787B780399109FE0B2CDE900578D
:1051900000F0FEF80298B044049A1FFA88F10078F3
:1051A00012F801900444B9F1000F02EB01056BD035
:1051B0004FFA89F1B1F1FF3FCDE9051408DD012671
:1051C00057469AF808A0BAF1000F25D131E000BF88
:1051D00009F0E000C02807D1022657469AF808A037
:1051E000BAF1000F18D124E009F0F000E02807D14F
:1051F000032657469AF808A0BAF1000F0CD118E020
:1052000009F0F800F0283FD1042657469AF808A084
:10521000BAF1000F0DD000BF7C6800BF28462146C0
:105220003246FBF7BDF80028A8D0BAF1010A5C4469
:10523000F4D1F86805994268BA46002916D4067870
:105240004378A9F12001F01DC0085943069C01FBD9
:1052500000220399109FE0B2CDE9006700F098F8B2
:10526000DAF80C000126013095E700BF069C0578AE
:1052700043780399109FE0B2CDE9005700F088F819
:10528000DAF80C00013086E707B0BDE8F08F0000C7
:105290002DE9F04F01F0070CDDF824E003EB0C04DE
:1052A000092C4FEAD10847D345B2002D20D43F291D
:1052B0001ED8CCF1080BFF2323FA0BF940F2981308
:1052C000C2F2000302FA0CF603EBC813BEF1000FA2
:1052D00018BFF64313F800A046EA09070AEA0709CF
:1052E0006FF0FF0747FA0BF73E4046EA09061E54E7
:1052F000002D4BD4372949D804F1F703CCF1080726
:10530000FA40DBB24FF4FF7707FA03F340F2981745
:1053100008F10101C2F2000707EBC111BEF1000F55
:1053200018BFD2430F5C42EA030637409A433A4320
:105330000A54BDE8F08F00BF43B2002B26D43F29AA
:1053400088BFBDE8F08F611EC9B24FF4FF7340F211
:10535000981603FA01F1CCF10803FF27C2F2000608
:1053600002FA0CF2DF4006EBC816BEF1000F18BFC0
:10537000D2431743355C0F432F406FF0FF0545FACA
:1053800003F323EA0101114039433154BDE8F08FA2
:105390002DE9F04F97B0002B0692129100F0F082A9
:1053A000DDE920298246B9F1000F48461D464FEA43
:1053B000D20318BF4FF0FF30082A02F007081690FA
:1053C00004D2B8F1000F40F0C082D9E21298CDF8B3
:1053D0000C8010F00708A3F10100059003F0030012
:1053E000089005EB450010904FEA8500029311905C
:1053F000079500F0C781C8F10801FF20C84014904C
:105400006FF0FF0008411390A8F101000F91C0B2A6
:105410004FF4FF7101FA00F00E90C0430D90680048
:105420000A901C2000EAD200404200210C9009950D
:10543000CDF85480CDF810A00FE000BF10980B9964
:10544000013010900A98013101300A900998A94260
:1054500000F10100099000F06F820AEB01000B914E
:1054600041B240F2981E0029C2F2000EE6D405991E
:105470005FFA80FB032905D200240898002840F039
:10548000DD80DBE7069C032508E000BF0C980435AF
:10549000284403281198044400F0C880129800EBB7
:1054A000C50AAAF11800C1B23F2930D80B98CA0822
:1054B00014F8009015980EEBC21309FA00F616982E
:1054C000149F464013F80BE0139846EA070C0EEAC7
:1054D0000C0740F2981E0640DDF85480C2F2000E20
:1054E0003743372903F80B7011D8511C0F9A0EEB74
:1054F000C11129FA02F0169A0E9B504011F80B20A8
:1055000003431A400D9B1840104301F80B00AAF109
:105510001000C1B23F2929D80998CA0814F800C060
:1055200016980CFA08F343400EEBC217149817F8BC
:105530000B6018433040139EDDF85480334018430D
:10554000372907F80B0011D80F99501C169A2CFA1E
:1055500001F10EEBC0100E9B514010F80B200B43D5
:105560001A400D9B1940114300F80B10AAF10800D6
:10557000C1B23F2929D80A98CA0814F800C0169861
:105580000CFA08F343400EEBC217149817F80B609F
:1055900018433040139EDDF85480334018433729B8
:1055A00007F80B0011D80F99501C169A2CFA01F12C
:1055B0000EEBC0100E9B514010F80B200B431A400D
:1055C0000D9B1940114300F80B105FFA8AF13F2937
:1055D0003FF65CAF1098CA0814F800C016980CFA91
:1055E00008F343400EEBC217149817F80B601843EA
:1055F0003040139EDDF8548033401843372907F8B4
:105600000B003FF643AF0F99501C169A2CFA01F18C
:105610000EEBC0100E9B514010F80B200B431A40AC
:105620000D9B1940114300F80B102FE7EC1EDDF81D
:1056300010A0079D089800283FF400AF1298069923
:1056400000EBC4000B9AC0B23F2801EB020C2BD830
:1056500004FB05F11CF80190C208169909FA08F339
:105660000EEBC217149D4B4017F80B6013991D43A6
:105670002E40079D0B40DDF854803343372807F850
:105680000B3011D8501C0F9A0EEBC01029FA02F102
:10569000169A0E9B514010F80B200B431A400D9B9D
:1056A0001940114300F80B10089801283FF4C6AECA
:1056B0001298611C00EBC100C0B23F282AD8694390
:1056C0001CF80190C208169909FA08F30EEBC217EC
:1056D000149D4B4017F80B6013991D432E40079DF6
:1056E0000B40DDF854803343372807F80B3011D8CE
:1056F000501C0F9A0EEBC01029FA02F1169A0E9B5D
:10570000514010F80B200B431A400D9B19401143D8
:1057100000F80B10089802283FF490AE1298A11CD4
:1057200000EBC100C0B23F283FF688AE69431CF8C9
:105730000110169FC20801FA08F37B400EEBC21756
:10574000149D17F80B60139C1D432E40079D2340AA
:10575000DDF854803343372807F80B303FF66EAE40
:10576000501C0F9A0EEBC010D140169A0E9B514060
:1057700010F80B200B431A400D9B1940114300F801
:105780000B105BE61C2000EAD2004FEA450EC0F188
:10579000000C0024A9460AE01098013401300EF1F3
:1057A000010EAC4209F10109109000F0C5800AEB2E
:1057B000040041B20029EFD40599C3B2032905D2F0
:1057C0000020089900296BD1E6E700BF0698032264
:1057D00007E000BF04320CEB0201032911990844D1
:1057E00058D0129901EBC201A1F11805EEB23F2E7B
:1057F0000ED9A1F11005EEB23F2E1AD9A1F108057C
:10580000EEB23F2E27D9CDB23F2DE3D833E000BF13
:10581000065D169F05F0F8057E4040F29817C2F22B
:10582000000707EB0515EE54A1F11005EEB23F2E6F
:10583000E4D810F80960169F05F0F8057E4040F2A4
:105840009817C2F2000707EB0515EE54A1F1080501
:10585000EEB23F2ED7D810F80E60169F05F0F8056F
:105860007E4040F29817C2F2000707EB0515EE5490
:10587000CDB23F2DAED8109D169E455D01F0F801CA
:10588000754040F29816C2F2000606EB0111CD54A5
:10589000A0E700BF079DD01E089900293FF47CAF08
:1058A000129901EBC002D1B23F29069921440ED8CA
:1058B000079D169E45434D5D02F0F802754040F28B
:1058C0009816C2F2000606EB0212D554079D089AFC
:1058D000012A3FF461AF129A451C02EBC502D6B211
:1058E0003F2E0DD8079E02F0F80275434D5D169EBF
:1058F000754040F29816C2F2000606EB0212D5542B
:10590000089A079D022A3FF447AF821C129800EBC9
:10591000C200C5B23F2D079D3FF63EAF6A43895C8A
:10592000169A00F0F800514040F29812C2F20002BC
:1059300002EB0010C1542FE7DDF80C80DDE92029CF
:10594000029BB8F1000F1BD0D5B1129902F0F800FC
:1059500001440698CEB203FB05046D424FF0FF30C0
:10596000471C204442780AEB0700C0B23146434648
:10597000CDF80090FFF78CFCE81901303846EFD1E4
:1059800017B0BDE8F08F00002DE9F04F81B040F274
:105990009A58C2F200084020454640F2985740F21B
:1059A000307605F8010BC2F20007B020C2F2000603
:1059B00078704FF0FF3430467A213A460223009443
:1059C0004FF0020AFCF7F2F830467A213A460223F9
:1059D00087F801A00094FCF7E9F84FF0100B30466F
:1059E0007A213A46022387F801B00094FCF7DEF8EA
:1059F00040F29819C2F20009284649468022FAF777
:105A00001AFD30467A21424681230094FCF7CEF8F5
:105A1000B120787030467A213A4602230094FCF790
:105A2000C5F830467A213A46022387F801A000944F
:105A3000FCF7BCF830467A213A46022387F801B0D9
:105A40000094FCF7B3F809F1800128468022FAF7A8
:105A5000F2FC30467A21424681230094FCF7A6F8F6
:105A6000B220787030467A213A4602230094FCF73F
:105A70009DF830467A213A46022387F801A0009427
:105A8000FCF794F830467A213A46022387F801B0B1
:105A90000094FCF78BF809F5807128468022FAF70C
:105AA000CAFC30467A21424681230094FCF77EF8F6
:105AB000B320787030467A213A4602230094FCF7EE
:105AC00075F830467A213A46022387F801A00094FF
:105AD000FCF76CF830467A213A46022387F801B089
:105AE0000094FCF763F809F5C07128468022FAF7A4
:105AF000A2FC30467A21424681230094FCF756F8F6
:105B0000B420787030467A213A4602230094FCF79C
:105B10004DF830467A213A46022387F801A00094D6
:105B2000FCF744F830467A213A46022387F801B060
:105B30000094FCF73BF809F5007128468022FAF73B
:105B40007AFC30467A21424681230094FCF72EF8F5
:105B5000B520787030467A213A4602230094FCF74B
:105B600025F830467A213A46022387F801A00094AE
:105B7000FCF71CF830467A213A46022387F801B038
:105B80000094FCF713F809F5207128468022FAF7F3
:105B900052FC30467A21424681230094FCF706F8F5
:105BA000B620787030467A213A4602230094FBF7FB
:105BB000FDFF30467A213A46022387F801A000947F
:105BC000FBF7F4FF30467A213A46022387F801B00A
:105BD0000094FBF7EBFF09F5407128468022FAF7A5
:105BE0002AFC30467A21424681230094FBF7DEFFEF
:105BF000B720787030467A213A4602230094FBF7AA
:105C0000D5FF30467A213A46022387F801A0009456
:105C1000FBF7CCFF30467A213A46022387F801B0E1
:105C20000094FBF7C3FF09F5607128468022FAF75C
:105C300002FC30467A21424681230094FBF7B6FFEE
:105C400001B0BDE8F08F000000000000000000007F
:105C5000EFF30980BFF36F8F0D4B1A6820E9F00F47
:105C600010602DE908404FF0500080F3118802F0D9
:105C7000DDFC4FF0000080F31188BDE80840196892
:105C80000868B0E8F00F80F30988BFF36F8F7047A2
:105C90008C00002040F60000C4F201004FF4805157
:105CA0000022FBF7C5BC000040F60000C4F2010072
:105CB0004FF480510122FBF7BBBC000080B540F2DD
:105CC0004860C2F20000FBF73FF880B24CF6CD41CD
:105CD00041436422A2EB5151B0F57A6F88BF002195
:105CE00088B280BD40F24860C2F20000FBF734B9D0
:105CF00040F6F850C2F2000001780131CAB2093A08
:105D000018BF0A460270704740F6F850C2F2000011
:105D100001784A1E002908BF08220270704700005F
:105D200040F6F950C2F200000178B1FA81F1490958
:105D3000017070470000000000000000000000003B
:105D4000074B19680868B0E8F00F80F30988BFF3C3
:105D50006F8F4FF0000080F311884EF00D0E7047EA
:105D60008C00002040F6A600C2F20000017801314C
:105D7000CAB2023A18BF0A460270704780B540F2B4
:105D80007860C2F20000FAF7DFFF80B24CF6CD4136
:105D900041436422A2EB5151B0F57A6F88BF0021D4
:105DA00088B280BD40F27860C2F20000FBF7D4B840
:105DB00082B040F2780740F65C05C2F2000701AC01
:105DC000C2F2000503E000BF019802F083F93868D1
:105DD000214600224FF0FF3300F074FD019E002E9B
:105DE000F5D03046FAF708FB82B228463146FDF777
:105DF00075FE2846FDF7BEFA2028E5D0012000F008
:105E00001FFD2846FDF7B6FA2028F7D1DCE7000091
:105E1000FEF738FC40F6A60440F6F95540F6F85671
:105E2000C2F20004C2F20005C2F2000605E000BFA3
:105E3000FFF75EFF0A2000F003FD00F03BFC0028A6
:105E400018BFFFF78FFF20780128F3D100F068FC1E
:105E5000002818BFFFF764FFFEF722FC297801290C
:105E600008D00029E6D10228E2D00128E2D1FFF7CC
:105E70004BFFDFE7022805D00128DBD130784FF057
:105E8000FF3101E030780121FAF76EFDD2E7000022
:105E9000FFF720F840F6A60440F27005C2F20004B5
:105EA000C2F200050FE000BF01F0EEFD28684FF0E0
:105EB000FF3100F0E1FDFFF767FD286800F03AFED2
:105EC0000A2000F0BDFCFFF707F920780128EBD08D
:105ED0000028EBD101F0D6FCE8E7000086B0FAF725
:105EE0006BFE40F27004C2F2000420684FF0FF31F4
:105EF00000F0C2FDFAF770FC206800F01BFEFFF70F
:105F0000F1FEFFF74FFF40F23868C2F2000840F29E
:105F10001C6908F10400C2F20009029006E000BF0B
:105F2000FAF708FD4FF47A7000F08AFC40F2700432
:105F3000C2F2000420684FF0FF3100F09DFD02998D
:105F40004046FAF76FFC206800F0F4FDFFF7B6FE5C
:105F5000A8F80800FFF712FFA8F80A00FEF7B4FB44
:105F6000B8F80A10B9F81220A8F80C00914203D230
:105F7000FFF79AFE012002E0FFF78CFE0020D8F820
:105F800000B0D9E9001688F80E00584604F051FC1C
:105F900020BB642001F052FB0590E0B10546584655
:105FA00004A903AA00F05CFBDDE903474BF2AA2237
:105FB00028466421C0F600029FA3CDE90074FAF7D9
:105FC00035F940F27800C2F20000006805A900220D
:105FD000002300F009FD4FF0010A01E04FF0000A34
:105FE0005846314604F02CFC18BB642001F026FB17
:105FF0000590E0B10546584604A903AA00F030FB1D
:10600000DDE903674BF2AA2228466421C0F60002AC
:106010008DA3CDE90076FAF709F940F27800C2F2D3
:106020000000006805A90022002300F0DDFC4FF00D
:10603000010AD8F80460D9E90215304604F0F9FBEA
:1060400020BB642001F0FAFA0590E0B10746304623
:1060500004A903AA00F004FBDDE9034C4BF2AA22D9
:1060600038466421C0F600027CA3CDE900C4FAF7EB
:10607000DDF840F27800C2F20000006805A90022B5
:10608000002300F0B1FC012401E000BF00243046F1
:10609000294604F0D5FB10BB642001F0CFFA05902F
:1060A000E0B10546304604A903AA00F0D9FADDE9BB
:1060B00003674BF2AA2228466421C0F600026BA3B4
:1060C000CDE90076FAF7B2F840F27800C2F20000AB
:1060D000006805A90022002300F086FC0124B8F81E
:1060E0000800B9F8106004EB0A05B04218D9642022
:1060F00001F0A4FA059090B14BF2DB226421C0F6C6
:1061000000025EA30096FAF791F840F27800C2F21E
:106110000000006805A90022002300F065FC01359D
:10612000B8F80A60B9F81200B9F8144086421BD2D8
:10613000642001F083FA059090B14BF2DB226421D8
:10614000C0F6000251A30096FAF770F840F278000A
:10615000C2F20000006805A90022002300F044FC00
:106160000127A64203D81BE00027A64218D96420C5
:1061700001F064FA059090B14BF2DB226421C0F685
:10618000000247A30096FAF751F840F27800C2F2F5
:106190000000006805A90022002300F025FC01276B
:1061A000B8F80C60B9F81600B9F81840864221D248
:1061B000642001F043FA059090B14BF2DB22642198
:1061C000C0F600023BA30096FAF730F840F27800E0
:1061D000C2F20000006805A90022002300F004FCC0
:1061E000FF20A64209D8791981427FF499AEFAF7C7
:1061F0008DFB97E60020A642F5D9642001F01EFA37
:10620000002805903FF48CAE4BF2DB224BF2952335
:106210006421C0F60002C0F600030096FAF706F803
:1062200040F27800C2F20000006805A900220023B5
:1062300000F0DAFB74E600BF74656D70657261741E
:106240007572655F6C6F770074656D7065726174EF
:106250007572655F686967680000000068756D6940
:10626000646974795F6C6F770000000068756D6910
:10627000646974795F686967680000007261696EBB
:106280005F67617567655F6869676800736F696CF0
:106290005F6D6F6973747572655F6C6F7700000076
:1062A000736F696C5F6D6F6973747572655F686930
:1062B000676800006C696768745F696E74656E7307
:1062C0006974795F6C6F770080B54EF21000CEF282
:1062D0000000006803F0D4F9012808BF80BDBDE8C4
:1062E000804002F0A1BA00007047000040F2CC707C
:1062F000C2F20000FCF73EBD80B501F09FFA002815
:1063000008BF80BDD0E90010BDE88040084700000C
:10631000406A0021C185C184FDF72AB8406A01683E
:106320004A6990F84130212B2DD112F080022AD0F9
:106330000021C184016851E8031F026821F0C001F7
:1063400042E80313DBB1016851E8031F026821F042
:10635000C00142E8031393B1016851E8031F0268CA
:1063600021F0C00142E803134BB1016851E8031F5B
:10637000026821F0C00142E80313002BDAD120218A
:1063800080F841100168496990F84220222A40F0C3
:106390007D8011F0400179D00021C185016851E86C
:1063A000031F026821F4907142E80313BBB3016834
:1063B00051E8031F026821F4907142E8031373B39C
:1063C000016851E8031F026821F4907142E8031349
:1063D0002BB3016851E8031F026821F4907142E871
:1063E0000313002BDAD11AE0016851E8051F026897
:1063F00021F0010142E80513DBB1016851E8051FF6
:10640000026821F0010142E8051393B1016851E8E7
:10641000051F026821F0010142E805134BB1016834
:1064200051E8051F026821F0010142E80513002B25
:10643000DAD1016B012924D1016851E8031F0268F8
:1064400021F0100142E80313DBB1016851E8031F9A
:10645000026821F0100142E8031393B1016851E88A
:10646000031F026821F0100142E803134BB10168D9
:1064700051E8031F026821F0100142E80313002BCA
:10648000DAD1202180F8421000210163416C41F0F3
:1064900010014164FCF76CBF0168406A0968890615
:1064A00048BFFDF77DBB0021C18400BF016851E8F2
:1064B000051F026821F0800142E8051383B30168DB
:1064C00051E8051F026821F0800142E805133BB343
:1064D000016851E8051F026821F0800142E80513B8
:1064E000F3B1016851E8051F026821F0800142E81C
:1064F0000513002BDAD113E0016851E8031F02688D
:1065000041F0400142E80313002B08BF70470168C7
:1065100051E8031F026841F0400142E8031393B1C0
:10652000016851E8031F026841F0400142E803138B
:106530004BB1016851E8031F026841F0400142E895
:106540000313002BD8D17047406AFDF72BBB000026
:1065500081B090F84210222921D183680246B3F518
:10656000805F09D152F8281F52F8183C002B63D0E5
:1065700003685B680AE000BF52F8281F13B903697B
:10658000002BF5D003685B6803F07F030B70116884
:1065900001311160C18D01390A04C18502D001B0F9
:1065A000704700BF0168CA6822F02002CA60CA684A
:1065B00022F48072CA604A6922F001024A612021F5
:1065C00080F8421000214163026B012A3CD1016333
:1065D000016851E8031F026821F0100142E803132B
:1065E000DBB1016851E8031F026821F0100142E8A5
:1065F000031393B1016851E8031F026821F01001F1
:1066000042E803134BB1016851E8031F026821F00F
:10661000100142E80313002BDAD101680A68D206A0
:1066200006D5002200920A680092496800910099FC
:10663000818D01B0FCF79ABE026852686FF35F2249
:1066400021F8022B8162A5E701B0FDF745BA0000F1
:1066500040F65C00C2F20000FCF794BEFEE70000CA
:1066600070B514460D46064604F038F9286004F06B
:1066700051F90146304604F0ADFA002120F0004007
:10668000C4F2201104F0DAF94FF07C5104F030F834
:1066900004F024F90A28206006DB00202060286826
:1066A0000130286070BD00BFB0F1FF3FDCBF0020AB
:1066B000206070BDB0B540F60044C4F2010420462D
:1066C0004FF48051FAF7AEFF40F6A405C2F2000580
:1066D0002978002808BF00290ED0002904BF002017
:1066E000B0BD20464FF48051FAF79CFF00284FF0D0
:1066F000000018BF2870B0BD0A2000F0A1F82046A5
:106700004FF48051FAF78EFF30B12878002804BF8B
:106710000020B0BDE5E700BF01202870B0BD00003B
:10672000B0B540F60044C4F2010420464FF40041E5
:10673000FAF778FF40F6A505C2F20005297800288F
:1067400008BF00290ED0002904BF0020B0BD20469C
:106750004FF40041FAF766FF00284FF0000018BF21
:106760002870B0BD0A2000F06BF820464FF40041BD
:10677000FAF758FF30B12878002804BF0020B0BDD8
:10678000E5E700BF01202870B0BD000094B0FBF722
:106790003FFB00240120CDE90F44CDE90D440A90D0
:1067A0000E904FF4E0104FF48031022513900AA8A8
:1067B0000494CDE90244CDE90B14CDE91151FBF766
:1067C000B5FD28B1EFF3108072B600BFFEE700BF41
:1067D0000F20CDE905054FF48060CDE9080405A838
:1067E00002210794FBF77AFC20B1EFF3108072B618
:1067F000FEE700BF022001904FF40040039001A883
:10680000FBF7EAFB20B1EFF3108072B6FEE700BFA2
:10681000FEF762F8FDF7EAFFFDF78EFFFDF7BAFF1E
:10682000FEF7BAF8FEF7DAF8FEF70EF9FEF78EF982
:1068300000F016F8FDF7FCFF00F026F8FEE7000078
:10684000EFF3058100291CBF6FF005007047002899
:1068500004BF0020704780B501F04CFD002080BDD2
:10686000EFF3058000281CBF6FF00500704740F271
:106870009410C2F200000168002911BF4FF0FF30F0
:106880000121016000207047EFF3058000281CBF44
:106890006FF00500704740F29410C2F200000168EA
:1068A00001291CBF4FF0FF30704780B54EF61F51D5
:1068B000CEF2000100220A700221016001F036FED2
:1068C000002080BD10B582B0B0FA80F4B1FA81F238
:1068D00064095209EFF3058CBCF1000F42EA04028F
:1068E0001CD0002B18BF01231A4318D1002201929B
:1068F00001AA02F031FC012820D10198D0B14EF656
:106900000450CEF200004FF080510160BFF34F8F72
:10691000BFF36F8F002002B010BD00BF22B16FF037
:10692000030002B010BD00BF1A461C4602F0F4FA84
:10693000012807D1002002B010BD00BF6FF0020097
:1069400002B010BD6FF00100002C08BF6FF0020014
:1069500002B010BDB0B582B000294FF00004EFF3D3
:10696000058318BF002803D1204602B0B0BD00BF88
:10697000002BF9D1D2B1D2E902352BB3502DF3D38C
:10698000D2F810C0BCF1000FEED0556901FB00F445
:10699000A5424FF00004E7D315466246009402F08A
:1069A00027F80028E0D02C6805E000BF002201F0A5
:1069B000DDFF0028D8D02146054601F045FC2C46D5
:1069C000204602B0B0BD00BF002DCDD11369002B11
:1069D000CAD15369002BC7D11546002201F0C6FF6A
:1069E0000028E0D1C0E7000010B582B0B0FA80F412
:1069F000B1FA81F264095209EFF3058CBCF1000F82
:106A000042EA04021CD0002B18BF01231A4318D1FC
:106A10000022019201AA002302F0B8F9012827D12F
:106A2000019850B14EF60450CEF200004FF0805164
:106A30000160BFF34F8FBFF36F8F002002B010BD16
:106A400022B16FF0030002B010BD00BF1C461A4611
:106A5000002302F03BF801460020012905D06FF029
:106A60000100002C08BF6FF0020002B010BD00BF93
:106A70006FF0020002B010BDEFF30582002A1CBFC8
:106A80006FF005007047024630F0010004BF6FF060
:106A90000300704710B50C46D20703D102F0C6FBC5
:106AA00002E000BF02F008FD012804BF002010BD75
:106AB0006FF00100002C08BF6FF0020010BD000055
:106AC000B0B5EFF3058109B10020B0BD90B14268C7
:106AD0001107F9D4D0E9021341B1502BF4D3044685
:106AE000D0071BD1012001F0EFFE07E0002BEBD116
:106AF000D10719D10446012001F0AEFE002500287F
:106B0000E2D0002C14BF21680021044601F09CFB58
:106B1000002D0CBF204644F00100B0BD042001F060
:106B2000D3FE0125EBE700BF0446042001F094FEEC
:106B30000125E4E7EFF3058100291CBF6FF0050094
:106B40007047014630F0010004BF6FF0030070474A
:106B500080B5C9070AD100210022002301F0B6FF49
:106B6000013818BF6FF0020080BD00BF02F0B2F91B
:106B7000013818BF6FF0020080BD0000F0B585B08D
:106B80008C4600230493EFF30581B0B3A9BB2AB36D
:106B90009469002C08BF1824382C2ED81179C90705
:106BA0002BD15669D2E902574FEA960E1168002E92
:106BB000734608BF80231DB35C2F25D312690023C1
:106BC000002A18BF002E18D0CDE900427246634655
:106BD000029502F013FD05B0F0BD00BF802318241C
:106BE000002104AF9AB26346CDE9004702F0D6FC1B
:106BF00000230499012808BF0B46184605B0F0BDD4
:106C000017B91269002AECD00023184605B0F0BD70
:106C10002DE9F04182B00D46044600284FF00000F7
:106C2000EFF305811FD0F1B908201E46174600F08A
:106C300005FD70B3002D804618BF0125C8E9004747
:106C4000A6B1D6E902713068F7B12C291ED346F2FD
:106C5000F926C0F6000601212A464346CDE9006721
:106C600002F006FF90B102B0BDE8F081002046F2CC
:106C7000F927C0F6000701212A464346009702F093
:106C8000D9FE0028EFD101E00029F0D0404601F004
:106C900021FA002002B0BDE8F08100000A46EFF3BF
:106CA000058100291CBF6FF005007047002804BF54
:106CB0006FF00300704780B582B04FF0000C0421E4
:106CC0000023CDF800C002F057FF013818BF6FF065
:106CD000020002B080BD0000EFF3058100291CBF57
:106CE0006FF005007047002804BF6FF00300704785
:106CF00010B582B0044602F07BFF78B14FF0000C73
:106D00002046032100220023CDF800C002F034FF0A
:106D1000013818BF4FF0FF3002B010BD6FF0020015
:106D200002B010BD2DE9F041044601F097F940F2A0
:106D30008C06C2F20006F06840F698150130F0604B
:106D40003068C2F2000558B13069002840F0078170
:106D50003068E16AC06A884298BF3460FFE000BFD3
:106D60003460F068012840F0FA80284601F026F9E6
:106D700005F1140001F022F905F1280001F01EF9D7
:106D800005F13C0001F01AF905F1500001F016F987
:106D900005F1640001F012F905F1780001F00EF937
:106DA00005F18C0001F00AF905F1A00001F006F9E7
:106DB00005F1B40001F002F905F1C80001F0FEF898
:106DC00005F1DC0001F0FAF805F1F00001F0F6F849
:106DD00005F5827001F0F2F805F58C7001F0EEF81F
:106DE00005F5967001F0EAF805F5A07001F0E6F8F7
:106DF00005F5AA7001F0E2F805F5B47001F0DEF8CF
:106E000005F5BE7001F0DAF805F5C87001F0D6F8A6
:106E100005F5D27001F0D2F805F5DC7001F0CEF87E
:106E200005F5E67001F0CAF805F5F07001F0C6F856
:106E300005F5FA7001F0C2F805F5027001F0BEF830
:106E400005F5077001F0BAF805F50C7001F0B6F819
:106E500005F5117001F0B2F805F5167001F0AEF805
:106E600005F51B7001F0AAF805F5207001F0A6F8F1
:106E700005F5257001F0A2F805F52A7001F09EF8DD
:106E800005F52F7001F09AF805F5347001F096F8C9
:106E900005F5397001F092F805F53E7001F08EF8B5
:106EA00005F5437001F08AF805F5487001F086F8A1
:106EB00005F54D7001F082F805F5527001F07EF88D
:106EC00005F5577001F07AF805F55C7001F076F879
:106ED00005F5617001F072F805F5667001F06EF865
:106EE00005F56B7001F06AF805F5707001F066F851
:106EF00005F5757001F062F805F57A7001F05EF83D
:106F000005F57F7001F05AF805F5826001F056F83A
:106F100005F2244001F052F805F5876001F04EF8C3
:106F200005F24C4001F04AF840F26818C2F200083D
:106F3000404601F043F808F11407384601F03EF8E6
:106F400006F1640001F03AF806F13C0001F036F871
:106F500006F1500001F032F8C6F81C803762706804
:106F6000716A421CE06A72608842626488BF706223
:106F700000EB800005EB8000211D01F061F801F0BD
:106F800091F8306988B13068E16AC06A884228BFE8
:106F9000BDE8F0814EF60450CEF200004FF0805173
:106FA0000160BFF34F8FBFF36F8FBDE8F08100002A
:106FB00040F28C0540F698164EF60458C2F20005D1
:106FC000C2F20006CEF200084FF0805703E000BF87
:106FD000204601F07FF8A868D0B101F03FF8A86C16
:106FE000C468201D00F0BCFFE8680138E860A868AC
:106FF0000138A86001F056F894F859000228EAD048
:107000000128E5D070B9206B01F064F8E0E700BF1B
:1070100030680228DFD3C8F80070BFF34F8FBFF38A
:107020006F8FD8E74FF0500080F31188BFF36F8F58
:10703000BFF34F8FFEE700002DE9F0470A9C824620
:10704000206B16460F46DDE908599100A5229846A7
:10705000F9F736FA206B002F00EB8600A0F1040050
:1070600020F0070644D0387884F83400D8B3787814
:1070700084F83500B8B3B87884F8360098B3F87857
:1070800084F8370078B3387984F8380058B37879C1
:1070900084F8390038B3B87984F83A0018B3F8792D
:1070A00084F83B00F8B1387A84F83C00D8B1787A9B
:1070B00084F83D00B8B1B87A84F83E0098B1F87A07
:1070C00084F83F0078B1387B84F8400058B1787B71
:1070D00084F8410038B1B87B84F8420000281CBF16
:1070E000F87B84F84300002084F8430003E000BFED
:1070F000002084F834000027201D372D28BF3725B5
:10710000E562C4E9135700F065FF04F1180000F0D0
:1071100061FFC5F13800A061304651464246246106
:107120006462676584F8587000F09CFBB9F1000F49
:10713000206018BFC9F80040BDE8F08700294BD097
:107140002DE9F04F81B0DDE90A47994690460E4699
:10715000824600F083FF40F2041BC2F2000BDBF812
:10716000000018BB0BF11404204600F027FF0BF1C0
:107170002805284600F022FF40F6A70240F64813F3
:10718000CBE902450A9C0025C2F20002C2F20003CC
:107190000A201021009501F02BFCCBF8000028B14B
:1071A0004BF28521C0F6000101F04EF800F07AFFA5
:1071B000381DC7F800A0C7E906693C6200F00AFF65
:1071C000B8F1000F05D097F8280040F0040087F8C8
:1071D000280001B0BDE8F08F4FF0500080F3118817
:1071E000BFF36F8FBFF34F8FFEE7000006480068C4
:1071F000006880F3088862B661B6BFF34F8FBFF3B3
:107200006F8F00DF00BF000008ED00E081B00020BC
:10721000009040F20C00C2F2000000684FF05001F4
:1072200081F31188BFF36F8FBFF34F8F013007D009
:10723000FEE700BF009830B9009820B9009810B957
:1072400000980028F6D001B07047000088B040F2E6
:10725000041AC2F2000A0DF11009EB46DAF8080030
:1072600005681DB1C068046801E000BF002401F09A
:10727000D5F902F015FADAF810100646884220D344
:10728000002DCAF8106051D0B4424FD802F05AFB1A
:10729000DAF80800C068C7683D1D284600F060FEA7
:1072A00097F82800410745D400F0FA0087F8280035
:1072B00082E000BF7860DAF8080029463F6100F0FC
:1072C0008DFEDAF80800016831B3C068C768046849
:1072D0003D1D284600F044FE396A3846884797F835
:1072E00028004007EDD5B8692044A042E2D8DAF87A
:1072F0000000002800F04081002004A991C102F0A4
:10730000BFF9DAF8000049460022002301F0DEFB55
:107310000028D6D130E100BFDAF80C10CAF81060AE
:10732000CAE9021002F00EFB4FE000BF65B1002277
:1073300010E000BFB8693F610119B14279601DD901
:107340000AF108001FE000BFDAF80C000068B0FA8C
:1073500080F04209DAF80000A11B00F0A1FF02F062
:10736000F1FA90BB4EF60450CEF200004FF080517F
:107370000160BFF34F8FBFF36F8F26E0311B814257
:1073800006D20AF10C000068294600F027FE13E03F
:10739000DAF80000002800F00D81002004A991C156
:1073A00002F06EF9DAF8000049460022002301F0ED
:1073B0008DFB002800F0FE80396A3846884704E0DB
:1073C0000AF10C02106800F009FEDAF800005946D4
:1073D000002201F0A1FD00283FF440AF0098B0F179
:1073E000FF3F06DCDDE90120039990470098002863
:1073F000EBD4029E706910B1301D00F0B1FD02F0B7
:107400004FF9DAF81010074688420CD30098CAF8F2
:10741000107009283DD9D8E76860DAF808002146DD
:107420002D6100F0DBFDDAF80800016841B3C068A7
:10743000C568D0F800802C1D204600F091FD296A17
:107440002846884795F828004007ECD5A8694044AD
:107450004045E1D8DAF80000002800F083800020E1
:10746000CDE90408069502F00BF9DAF80000494668
:107470000022002301F02AFB0028D4D172E000BFD3
:10748000DAF80C10CAE902100098CAF8107009283E
:107490009BD8DFE800F005050557415F050557411A
:1074A00096F82800B26940F00101019886F828108A
:1074B0001318314641F8043FBB42366108D9874270
:1074C0000AF10802BFF47EAF834205D27AE700BF1B
:1074D000381A9042FFF474AF316A3046884796F804
:1074E000280040077FF571AFDAF8000000284DD082
:1074F0000198B169069608440021CDE9041002F014
:10750000BFF8DAF8000049460022002301F0DEFA55
:1075100000287FF45AAF39E096F8280040F00101C6
:10752000019886F828100028B06139D038443146D7
:107530000AF10C0241F8040F3661B84288BF0AF123
:1075400008023FE796F8280000F0FE0086F82800C1
:107550003BE700BF96F828008107F5D4304600F0DD
:10756000B9FD32E74FF0500080F31188BFF36F8F01
:10757000BFF34F8FFEE700BF4FF0500080F311883C
:10758000BFF36F8FBFF34F8FFEE700BF4FF0500088
:1075900080F31188BFF36F8FBFF34F8FFEE700BFFB
:1075A0004FF0500080F31188BFF36F8FBFF34F8F00
:1075B000FEE700BF4FF0500080F31188BFF36F8FDC
:1075C000BFF34F8FFEE70000F0B581B0044600F036
:1075D00045FD94F94560012E0FDB04F1240500BF41
:1075E000286850B1284602F073F9002818BF00F04F
:1075F000CBFEF0B2013E0128F2D8FF2684F84560A8
:1076000000F050FD00F02AFD94F94470012F0EDBCC
:1076100004F11005286850B1284602F059F90028F5
:1076200018BF00F0B1FEF8B2013F0128F2D884F88B
:10763000446001B0BDE8F04000F034BD70B50446D0
:1076400000F0ECFF40F2401CC2F2000CDCF8042019
:1076500012B19CF8000020E040F6FB50C2F200009E
:10766000420700F5205200F1070122F0070218BF7F
:1076700021F007000021A2F10803CCE90601CCF8B3
:10768000043042E90211DCF80420191AC0E9002193
:107690000120CCE902118CF800000025002C4FF0ED
:1076A000000148BF01215AD0084058D124F00700FA
:1076B00000F11003600708BF04F10803DCF80800BC
:1076C000591E81424BD2604650F818EFDEF8045044
:1076D0009D422CD2DEF80010C1B174464D689D4227
:1076E00018D20E68B6B175689D4217D23068A8B13D
:1076F00045689D4216D20468A4B165689D4215D2C2
:107700002168A6460029E9D111E000BF0CF118005C
:107710000DE000BF8E46204609E000BFB646084691
:1077200005E000BF8646304601E000BFA64696450C
:1077300014D00268DEF80040E91A112904604FD322
:107740000EEB0305680719D04FF0500080F3118845
:10775000BFF36F8FBFF34F8FFEE700BF002502F02E
:10776000F1F868075CD04FF0500080F31188BFF348
:107770006F8FBFF34F8F00BFFEE700BF0CF1180003
:107780006960CEF8043000BF0168A9420AD20868D7
:10779000A8420BD20168A94204D208680B46A8424D
:1077A000F2D304E00346084601E000BF0B465C68E4
:1077B00069681E19AE4202D121441D4659606C18F9
:1077C000844201D0044607E0DCF80440A04203D024
:1077D000D0E9004008446860AB422C6018BF1D60CF
:1077E000DEF80400DCE9021302F10805091A9942E7
:1077F000CCF8081038BFCCF80C109CF80010002909
:107800004FF0000118BF40F00040CEE90010DCF856
:1078100010000130CCF8100002F094F86807A2D1F3
:10782000284670BD40F28C00C2F20000016819B118
:1078300001680A6D01320A650068704740B110B5F1
:10784000044600F00BFCE46900F02CFC204610BD5F
:107850004FF0500080F31188BFF36F8FBFF34F8F4D
:10786000FEE70000034647F20D20C0F600004FF08F
:10787000807C21F0010103E90310A3F1400043F8EB
:10788000202C70472DE9F04788B001204AF6945328
:10789000009064A2C0F600031E2000210027FDF71F
:1078A00025FC4BF22024C0F6000462A209200E2120
:1078B00023460097FDF746FC40F23869C2F2000902
:1078C000D9F800000DF10C0A0DF1080851464246A6
:1078D000FEF7C6FEDDE902324BF28F2104ADC0F6A1
:1078E00000012846F8F78EFC2846F8F785FDDDE90B
:1078F0000232A0EB800651A12846F8F783FC06F17E
:107900000F00C0B21A212A4623460097FDF71AFC41
:107910004DA234200E2123460097FDF713FCD9F821
:10792000040051464246FEF79BFEDDE9023248A1C3
:107930002846F8F767FC2846F8F75EFDA0EB8000C4
:107940004030C0B21A212A4623460097FDF7FAFBC1
:1079500041A25F200E2123460097FDF7F3FBB9F803
:107960000C203FA12846F8F74DFC2846F8F744FDC7
:10797000A0EB80006B30C0B21A212A462346009744
:10798000FDF7E0FB38A20920292123460097FDF7E7
:10799000D9FB4BF28A26B9F80A20C0F60006284621
:1079A0003146F8F72FFC2846F8F726FDA0EB8000BB
:1079B0001530C0B234212A4623460097FDF7C2FB9A
:1079C0002BA23420292123460097FDF7BBFBB9F8F1
:1079D000082028463146F8F715FC2846F8F70CFD34
:1079E000A0EB80004030C0B234212A4623460097E5
:1079F000FDF7A8FB20A25F20292123460097FDF771
:107A0000A1FB99F80E001EA11EA2002808BF0A467D
:107A10006520342123460097FDF794FB08B0BDE8AC
:107A2000F08700BF20536D617274204661726D2033
:107A300000000000E6B8A9E5BAA6000025642E25DE
:107A400064E2848300000000E6B9BFE5BAA6000046
:107A500025642E2564252500E58589E785A7000096
:107A60002564206C78000000E59C9FE5A3A400003D
:107A7000E9998DE99BA80000E6B0B4E6B3B5000033
:107A8000E585B300E5BC80002DE9F04F93B040F6EA
:107A9000F855C2F20005287805285BD84BF2202A59
:107AA0000120C0F6000A00900FF25C42192000216C
:107AB00053464FF00009FDF745FB40F21C6BC2F244
:107AC000000BDBF8000005A904AAFEF7C9FDDBF8EE
:107AD000040003A902AAFEF7C3FDDDE90432DDE9D3
:107AE00002460DF11A070FF234413846CDE9006421
:107AF000F8F788FB3846F8F77FFC00EB4000F421EC
:107B000001EB4004E0B24021A1EB50085FFA88F697
:107B100030460E213A465346CDF80090FDF712FB51
:107B20002878012864D0002840F09680DDE90432EE
:107B30004BF28F210DF11A05C0F600012846F8F727
:107B400061FB2846F8F758FC00EB40004FEA400A7A
:107B500063E000BF4BF2202A0120C0F6000A00902B
:107B6000DCA21920002153464FF00009FDF7EAFA84
:107B700040F21C60C2F20000428A838A0DF11A07AB
:107B8000D9A13846F8F73EFB3846F8F735FC00EB4C
:107B90004000F42101EB4004E0B24021A1EB500889
:107BA0005FFA88F630460E213A465346CDF80090EB
:107BB000FDF7C8FA2878072832D0062840F01A8145
:107BC00040F21C6BC2F2000BBBF812204BF2922168
:107BD0000DF11A05C0F600012846F8F713FB2846F8
:107BE000F8F70AFC00EB40004FEA400A31E000BF22
:107BF000DDE902324BF28F210DF11A05C0F60001CA
:107C00002846F8F7FFFA2846F8F7F6FBA11900EB2B
:107C100040004FEA400AA1EB40084FF019091FE06D
:107C200040F21C6BC2F2000BBBF814204BF2922105
:107C30000DF11A05C0F600012846F8F7E3FA2846C8
:107C4000F8F7DAFBA11900EB40004FEA400AA1EB7C
:107C500040084FF01909D5E04FF0000A4FF0000836
:107C6000DBF8080005A904AAFEF7FAFCDBF80C0013
:107C700003A902AAFEF7F4FCDDE90432DDE90257AC
:107C80000DF11A06ABA13046CDE90075F8F7BAFA46
:107C90003046F8F7B1FB00EB4000F42101EB400760
:107CA000F8B24021A1EB5004E5B24BF220234FF093
:107CB000000CC0F6000328461F213246CDF800C054
:107CC000FDF740FA40F6F850C2F2000000780328B1
:107CD00018D002282DD1DDE904324BF28F210DF1AD
:107CE0001A05C0F600012846F8F78CFA2846F8F77E
:107CF00083FB00EB40004FEA400A4FF02A09A04600
:107D000017E000BFDDE902324BF28F210DF11A04BA
:107D1000C0F600012046F8F775FA2046F8F76CFB2C
:107D2000791900EB40004FEA400AA1EB40084FF000
:107D30002A09BBF81620BBF818300DF11A0683A1EA
:107D40003046F8F75FFA3046F8F756FB00EB400094
:107D5000F42101EB4007F8B24021A1EB500B5FFA90
:107D60008BF54BF220230024C0F600032846302177
:107D700032460094FDF7E6F940F6F850C2F20000F2
:107D8000007805281AD004287AD140F21C60C2F28B
:107D90000000C28A4BF292210DF11A04C0F60001D4
:107DA0002046F8F72FFA2046F8F726FB00EB4000B4
:107DB0004FEA400A4FF03B09D84661E040F21C60B0
:107DC000C2F20000028B4BF292210DF11A04C0F6B0
:107DD00000012046F8F716FA2046F8F70DFB79194E
:107DE00000EB40004FEA400AA1EB40084FF03B098E
:107DF00046E000BF40F21C6B4FF0000A4FF0000855
:107E0000C2F2000BBBF810200DF11A063BA1304660
:107E1000F8F7F8F93046F8F7EFFA00EB4000F421F4
:107E200001EB4007F8B24021A1EB5000C5B24BF284
:107E300020230024C0F6000328461F213246009468
:107E4000FDF780F940F6F850C2F2000000780828EB
:107E500016D1BBF810204BF292210DF11A04C0F696
:107E600000012046F8F7CEF92046F8F7C5FA79194F
:107E700000EB40004FEA400AA1EB40084FF02A090E
:107E80005FEA0A6023D040F6F950C2F200000078A1
:107E9000012811D140F6FA50C2F200000178CD233A
:107EA0000131CAB25A43D20A02EB8202A1EB42016B
:107EB000CAB2042A01700AD808EB0A000027C2B22D
:107EC0005FFA88F049464B460097FCF761FE13B015
:107ED000BDE8F08F20E68AA5E8ADA6E99888E580A0
:107EE000BC28322F322920002564203C20E59C9FAD
:107EF000E5A3A4203C20256400000000E9998DE959
:107F00009BA8203C2025640020E68AA5E8ADA6E9D0
:107F10009888E580BC28312F3229200025642E2541
:107F200064203C20E6B8A9E5BAA6203C2025642EB2
:107F30002564000025642E2564203C20E6B9BFE5B9
:107F4000BAA6203C2025642E256400002564203C30
:107F500020E58589E785A7203C20256400000000F6
:107F60000169D0E90132D1F804C09A6084455360B8
:107F700008BF4A600022026108680138086008688A
:107F80007047000043F60003C2F20003036043F2AF
:107F90000060C2F20000086080201060704700009E
:107FA00043F65C43C2F20003036043F65C00C2F296
:107FB000000008604FF48070106070474FF0FF3190
:107FC000024642F8081F00214260C0E90322016016
:107FD00070470000002101617047000010B5D1F822
:107FE00000C01CF1010213D000F10804626813689C
:107FF000634511D853681C68644511D85A681468E1
:1080000064450FD854682368A6466345EED90BE053
:108010000269D2F804E007E09646224604E000BF79
:108020009E4601E096461A46C1F804E0CEF80810D4
:108030008A605160086101680131016010BD000073
:10804000D0F800C0436808619A68C1E90132516004
:1080500099600CF101010160704700004FF0500081
:1080600080F31188BFF36F8FBFF34F8F40F20C0086
:10807000C2F2000001684A1C026009B1704700BFEB
:108080004EF60450CEF200000068000608BF7047AC
:108090004FF0500080F31188BFF36F8FBFF34F8F05
:1080A000FEE7000040F20C00C2F20000016839B1A6
:1080B0000139016018BF7047002080F311887047B4
:1080C0004FF0500080F31188BFF36F8FBFF34F8FD5
:1080D000FEE7000070B5002808BF70BD40F24014F4
:1080E000C2F20004217850F8042C002918BF4FF088
:1080F000004111420ED0A0F108052B68A3B14FF04A
:10810000500080F31188BFF36F8FBFF34F8F00BF14
:10811000FEE700BF4FF0500080F31188BFF36F8F70
:10812000BFF34F8FFEE700BF22EA010140F8041CB5
:10813000064600F073FA56F8040CA1680144A160E9
:1081400004F118010B68AB420AD21968A94213D294
:108150000B68AB4204D219681A46A942F2D301E077
:108160000A4619465368D618AE420AD02B188B42DD
:108170000DD00B4612E000BF1A465368D618AE4227
:10818000F4D11844154650602B188B42F1D1636826
:10819000994203D0D1E9003108446860AA422B60BB
:1081A00018BF1560606901306061BDE8704001F082
:1081B000C9BB00004EF21000CEF2000000210160A9
:1081C000816040F20801C2F20001096844F6D3520E
:1081D000C1F26202A1FB02124FF0FF3101EB9211DA
:1081E000416007210160704740F26010EFF30581A4
:1081F0001029C2F2000011D34EF2F032CEF200028A
:10820000895C0278914209D24FF0500080F31188C6
:10821000BFF36F8FBFF34F8FFEE700BF4EF60C51D9
:10822000CEF200010968406801F4E061814298BF24
:1082300070474FF0500080F31188BFF36F8FBFF38A
:108240004F8F00BFFEE7000043F6B84CC2F2000CAF
:10825000DCF8003003B3634653F8082FEAB16346F5
:1082600053F8102FCAB1634653F8182FAAB16346CA
:1082700053F8202F8AB1634653F8282F6AB163461A
:1082800053F8302F4AB15CF8382F002A634608BFF4
:10829000C3E90010704700BF6346C3E90010704790
:1082A00070B515460E460446FFF7D8FE94F8440014
:1082B000FF2804BF002084F8440094F84500FF28FC
:1082C00004BF002084F84500FFF7ECFEA06B28B146
:1082D0002046BDE87040FFF777B900BF04F12400E5
:1082E00031462A4600F092F82046BDE87040FFF77C
:1082F0006BB9000070B588B340F28C04C2F2000480
:10830000616949B14FF0500080F31188BFF36F8F5E
:10831000BFF34F8FFEE700BF61690646013161611F
:10832000A569216804310846FFF71AFE2068AD19D7
:10833000456005D3206A21680431FFF74FFE08E04D
:10834000E06921680431FFF749FEE06A854238BFE1
:10835000E56201F0F7FA002818BF70BD4EF6045030
:10836000CEF200004FF080510160BFF34F8FBFF39A
:108370006F8F70BD40F28C01C2F200018A6B026007
:10838000896941607047000040F28C00C2F2000031
:10839000012101637047000070B5D8B140F28C0430
:1083A000C2F200040D4621681831FFF717FEA669D6
:1083B00020680430FFF7D4FD681C15D02068AD1983
:1083C000456019D3206A21680431BDE87040FFF789
:1083D00005BE00BF4FF0500080F31188BFF36F8FD0
:1083E000BFF34F8FFEE700BF54F8500B011D20462E
:1083F000BDE87040FFF724BEE06921680431FFF753
:10840000EDFDE06A854238BFE56270BDF0B581B030
:10841000C0B140F28C04C2F200040D462168164639
:108420001831FFF70DFEA76920680430FFF798FDAB
:1084300096B154F8500B011D204601B0BDE8F04044
:10844000FFF7FEBD4FF0500080F31188BFF36F8F30
:10845000BFF34F8FFEE700BF2068ED19456007D3DB
:10846000206A2168043101B0BDE8F040FFF7B6BDD5
:10847000E06921680431FFF7B1FDE06A854238BF49
:10848000E56201B0F0BD0000F0B581B018B3026D37
:1084900022B3C36C8B4288BF1946012A1BD1C26A22
:1084A0008A4218D040F28C05C2F200052B6898422F
:1084B0001ED08369C162002B5CBFC1F138018161AC
:1084C00040F69816416902EB8202C2F2000606EB02
:1084D0008202914216D001B0F0BD00BF4FF05000B3
:1084E00080F31188BFF36F8FBFF34F8FFEE700BF9C
:1084F0004FF0500080F31188BFF36F8FBFF34F8FA1
:10850000FEE700BF041D07462046FFF729FDF86A75
:10851000696A884288BF686200EB800006EB8000D1
:10852000214601B0BDE8F040FFF78ABD10B588B024
:108530000020CDE9050006A805A904AAFFF722FD41
:10854000059800283ED0069C002C45D05C21049A5A
:10855000079107995C2949D107992063022084F883
:10856000590007A80021CDE9001046F6B170C0F609
:10857000000028A100230294FEF75EFD2046FEF7CE
:10858000D1FB079840F28C04C2F20004A062B0B1A3
:1085900001F098FA411C33D0012810D14FF050005F
:1085A00080F31188BFF36F8FBFF34F8F4FF0FF3011
:1085B000E062012020610020A06100F09DF808B079
:1085C00010BD00BF4FF0500080F31188BFF36F8FD4
:1085D000BFF34F8FFEE700BF4FF0500080F31188CC
:1085E000BFF36F8FBFF34F8FFEE700BF4FF0500018
:1085F00080F31188BFF36F8FBFF34F8FFEE700BF8B
:108600004FF0500080F31188BFF36F8FBFF34F8F8F
:10861000FEE700BF49444C450000000040F28C00DA
:10862000C2F20000416901314161704780B540F2FA
:108630008C0EC2F2000EDEF8141019B10121CEF832
:10864000301080BD0021CEF83010DEF8241040F646
:10865000981C01EB8102C2F2000C5CF82230002B66
:108660000CEB82030CD05868426803F10800824288
:108670005A6023D0D068CEF80000CEF8241080BD18
:10868000283B19B35A6901EB8100002A0CEB8002E8
:1086900026D101291AD0186830BB022916D053F808
:1086A000140C28BB032911D053F8280C04390028D6
:1086B000A3F15003E5D02833D5E700BF52685A60D4
:1086C000D068CEF80000CEF8241080BD4FF05000E6
:1086D00080F31188BFF36F8FBFF34F8FFEE700BFAA
:1086E000A2F114030139BEE7A2F128030239BAE767
:1086F000A2F13C030339B6E7B0B584B04EF2004CAA
:10870000CEF2000C9CF800100291FF218CF80010B2
:108710009CF800108DF807109DF8071001F050022A
:1087200040F26011C2F200010A7007224A609DF90E
:108730000720B2F1FF3F61DC032200BFD31C4B6076
:108740009DF8070040008DF807009DF90700B0F183
:10875000FF3F24DC931C4B609DF8070040008DF820
:1087600007009DF90700B0F1FF3F18DC531C4B6078
:108770009DF8070040008DF807009DF90700B0F153
:10878000FF3F0CDC4A609DF80700043A40008DF87A
:1087900007009DF90700B0F1FF3FCFDD131D032B4C
:1087A0002CD14FF44070486002988CF80000DCF83F
:1087B000200940F47000CCF82009DCF8200940F0D2
:1087C0007040CCF82009FFF7F5FC40F20C04C2F22F
:1087D000000400252560FEF709FDFFF727FF03953C
:1087E00020684FF0500181F31188BFF36F8FBFF302
:1087F0004F8F013012D000BFFEE700BF4FF0500096
:1088000080F31188BFF36F8FBFF34F8FFEE700BF78
:10881000039830B9039820B9039810B90398002839
:10882000F6D0002004B0B0BD80B54FF0500080F30A
:108830001188BFF36F8FBFF34F8F00F037FF30B158
:108840004EF60450CEF200004FF08051016000203F
:1088500080F3118880BD000070B505465020FEF7FA
:10886000EDFE044670B30026012084F846602460C3
:10887000C4E90F06FFF7F2FB2068D4E90F12A663E4
:1088800002FB0103013901FB0201C4E90103FF20DE
:10889000E16084F8440084F8450004F11000FFF71B
:1088A0008DFB04F12400FFF789FBFFF7FBFB20465B
:1088B00000210022002384F84C502660C4E902669F
:1088C00000F004F9204670BD70B582B0D1B35022DB
:1088D0000192019A502A3FD1019A0122002581F884
:1088E00046200960C1E90F250C460646FFF7B6FB96
:1088F0002068D4E90F12A56302FB0103013901FBD3
:108900000201C4E90103FF20E16084F8440084F817
:10891000450004F11000FFF751FB04F12400FFF7BC
:108920004DFBFFF7BFFB204600210022002384F807
:108930004C602560C4E9025500F0C8F8204602B03A
:1089400070BD00BF4FF0500080F31188BFF36F8FF0
:10895000BFF34F8FFEE700BF4FF0500080F3118848
:10896000BFF36F8FBFF34F8FFEE70000B0B3F0B5DA
:1089700081B005464843503014460E46FEF75EFE71
:1089800050B30027014680F84670002E18BF5031C2
:108990000160C0E90F560546FFF760FB2868D5E97E
:1089A0000F12AF6302FB0103013901FB0201C5E9AC
:1089B0000103FF20E96085F8440085F8450005F1D2
:1089C0001000FFF7FBFA05F12400FFF7F7FAFFF7B5
:1089D00069FB284685F84C4001B0F0BD4FF05000CF
:1089E00080F31188BFF36F8FBFF34F8FFEE7000056
:1089F00070B582B060B1ABB1F1B9EAB14FF05000DF
:108A000080F31188BFF36F8FBFF34F8FFEE700BF76
:108A10004FF0500080F31188BFF36F8FBFF34F8F7B
:108A2000FEE700BF4FF0500080F31188BFF36F8F57
:108A3000BFF34F8FFEE700BF51B14AB94FF050006E
:108A400080F31188BFF36F8FBFF34F8FFEE700BF36
:108A500050250195019D502D2ED1019C069E01248B
:108A600083F84640002908BF1A461A60C3E90F017F
:108A70001C46FFF7F3FA2068D4E90F12002502FB29
:108A80000103013901FB0201A563C4E90103FF20D1
:108A9000E16084F8440084F8450004F11000FFF719
:108AA0008DFA04F12400FFF789FAFFF7FBFA20465C
:108AB00084F84C6002B070BD4FF0500080F3118814
:108AC000BFF36F8FBFF34F8FFEE700002DE9F04F2C
:108AD00083B00292C0B11D460446F9B1022D02D105
:108AE000E06B01285CD116460F4600F0C9FD18BBAB
:108AF00016B34FF0500080F31188BFF36F8FBFF3B0
:108B00004F8F00BFFEE700BF4FF0500080F3118889
:108B1000BFF36F8FBFF34F8FFEE700BF206C0028BD
:108B2000DCD04FF0500080F31188BFF36F8FBFF39C
:108B30004F8F00BFFEE700BFFFF790FAA06B022D3A
:108B400065D0E16B884262D30298002800F018815A
:108B50006846FFF70FFCFFF7A5FAFFF75FFDFFF789
:108B60007DFA94F84400FF2804BF002084F84400F4
:108B700094F84500FF2804BF002084F84500FFF763
:108B800091FA684602A900F0BBFC98B12046FEF7B6
:108B90001BFD00F0D7FE002003B0BDE8F08F00BF42
:108BA0004FF0500080F31188BFF36F8FBFF34F8FEA
:108BB000FEE700BF04F11008FFF750FAD4F8389030
:108BC000E66BFFF76FFAB14516D102994046FFF701
:108BD000E3FB2046FEF7F8FC00F0B4FE88B94EF641
:108BE0000450CEF200004FF080510160BFF34F8F70
:108BF000BFF36F8F05E000BF2046FEF7E5FC00F0F5
:108C0000A1FEFFF72BFAA06BE16B884266D2A66B40
:108C1000226CDAB139462DB3E068F7F70CFCE16855
:108C2000206C2268091A9142E16003D2A168404297
:108C30000844E060A81EB0FA80F040093146002EDA
:108C400018BF01210840361A18E000BF2068A8B9F3
:108C5000A06800F0ADFD0021B0FA80F0A1604009ED
:108C60000DE000BF6068F7F7E6FBD4E90101226C74
:108C700010448842606001D3206860600120711C4C
:108C8000A16354F8241FA9B1204600F021FE50B181
:108C90004EF60450CEF200004FF080510160BFF359
:108CA0004F8FBFF36F8FFFF7FDF9012003B0BDE8D1
:108CB000F08F00BF0028F6D14EF60450CEF200002F
:108CC0004FF080510160BFF34F8FBFF36F8FFFF7FD
:108CD000E9F9012003B0BDE8F08F00BFE94602AE1C
:108CE0000CE000BF2046FEF76FFC00F02BFEFFF704
:108CF000B5F9A06BE16B8842FFF489AF02980028B8
:108D00003ED0FFF7CFF9FFF789FCFFF7A7F994F8FA
:108D10004400FF2804BF002084F8440094F8450074
:108D2000FF2804BF002084F84500FFF7BBF9484640
:108D3000314600F0E5FB00287FF428AFFFF78EF9FD
:108D4000D4F838A0D4F83CB0FFF7ACF9DA45C9D173
:108D500002994046FFF720FB2046FEF735FC00F065
:108D6000F1FD0028C3D14EF60450CEF200004FF0C2
:108D700080510160BFF34F8FBFF36F8FB7E700BF24
:108D8000FFF790F9002003B0BDE8F08F2DE9F04720
:108D900000B31D46044639B3022D02D1E06B012811
:108DA00052D10E469046FFF71FFAEFF3118A4FF0AB
:108DB000500080F31188BFF36F8FBFF34F8FA06B0C
:108DC000022D1FD0E16B88421CD300208AF311884A
:108DD000BDE8F0874FF0500080F31188BFF36F8F2C
:108DE000BFF34F8FFEE700BF206C0028D4D04FF0B8
:108DF000500080F31188BFF36F8FBFF34F8F00BF18
:108E0000FEE700BF94F84590A06BA76B226C2AB3D5
:108E100031465DB3E068F7F70EFBE168206C22682D
:108E2000091A9142E16003D2A16840420844E0601F
:108E3000A81EB0FA80F040093946002F18BF012162
:108E400008403F1A1EE000BF4FF0500080F3118829
:108E5000BFF36F8FBFF34F8FFEE700BF206888B965
:108E6000A06800F0A5FC0020A0600BE06068F7F7A8
:108E7000E2FAD4E90101226C10448842606001D317
:108E800020686060781CB9F1FF0FA06312D154F81C
:108E9000240F98B1204600F01BFD0146B8F1000FE9
:108EA0004FF0010018BF00290ED18AF31188BDE8E8
:108EB000F08700BF09F1010084F8450001208AF322
:108EC0001188BDE8F08700BFC8F800008AF3118858
:108ED000BDE8F08770B1B0B58568044600F0CAFB04
:108EE00085421CBF0020B0BDE0680138E0600BD0B7
:108EF0000120B0BD4FF0500080F31188BFF36F8F99
:108F0000BFF34F8FFEE700BF204600210022002361
:108F1000FFF7DCFD0120B0BD2DE9F04F83B00292D8
:108F200090B115460446002948D00E4600F0A8FB33
:108F3000A0B99DB14FF0500080F31188BFF36F8F3F
:108F4000BFF34F8FFEE700BF4FF0500080F3118852
:108F5000BFF36F8FBFF34F8FFEE700BFFFF77EF8C1
:108F6000D4F838A0BAF1000F36D0226C52B1D4E94F
:108F7000023130461144E160994224BF2168E1602A
:108F8000F7F759FAAAF10100A06354F8100F70B175
:108F9000204600F09DFC50B14EF60450CEF2000089
:108FA0004FF080510160BFF34F8FBFF36F8F0124EB
:108FB000FFF778F8204603B0BDE8F08F206C00285A
:108FC000B3D04FF0500080F31188BFF36F8FBFF321
:108FD0004F8F00BFFEE700BF0298002800F0B4806A
:108FE0006846FFF7C7F9FFF75DF8FFF717FBFFF7D4
:108FF00035F894F8440004F12408FF2804BF002049
:1090000084F8440094F84500FF2804BF002084F849
:109010004500FFF747F8684602A900F071FA78B1F9
:109020002046FEF7D1FA00F08DFCFFF717F8A56B8C
:10903000FFF738F82DBB0024204603B0BDE8F08FC1
:10904000FFF70CF8A56BFFF72DF82DB12046FEF7C2
:10905000BBFA00F077FC14E002994046FFF79CF958
:109060002046FEF7B1FA00F06DFC50B94EF6045000
:10907000CEF200004FF080510160BFF34F8FBFF37D
:109080006F8FFEF7EBFFD4F838A0BAF1000F7FF432
:109090006CAF4FF00009EB4602AF13E02046FEF73D
:1090A00093FA00F04FFCFEF7D9FFA56BFEF7FAFF2D
:1090B000002DC0D0FEF7D2FFD4F838A0BAF1000FCF
:1090C0007FF453AF029800283ED0FEF7EBFFFFF786
:1090D000A5FAFEF7C3FF94F84400FF2808BF84F800
:1090E000449094F84500FF2808BF84F84590FEF7A7
:1090F000D9FF5846394600F003FA0028CED1FEF7D2
:10910000ADFFA56BFEF7CEFF35B12046FEF75CFA4A
:1091100000F018FCCEE700BF02994046FFF73CF98B
:109120002046FEF751FA00F00DFC0028C2D14EF6A1
:109130000450CEF200004FF080510160BFF34F8F1A
:10914000BFF36F8FB6E700BF0024FEF7ABFF2046EA
:1091500003B0BDE8F08F00002DE9F04381B0002896
:109160003CD00446002943D00D469046FFF73CF81A
:10917000EFF311894FF0500080F31188BFF36F8F28
:10918000BFF34F8FA66B002E40D094F84470226C32
:1091900052B1D4E902011144E160814224BF216847
:1091A000E1602846F7F747F9701EFF2FA06333D11F
:1091B00054F8100F002832D0204600F089FB0146F9
:1091C000B8F1000F4FF0010003D0002918BFC8F814
:1091D000000089F3118801B0BDE8F0834FF0500022
:1091E00080F31188BFF36F8FBFF34F8FFEE700BF8F
:1091F000206C0028B8D04FF0500080F31188BFF3E6
:109200006F8FBFF34F8F00BFFEE700BF002089F3D1
:10921000118801B0BDE8F083781C84F84400012077
:1092200089F3118801B0BDE8F08300002DE9F04F0B
:1092300083B0029160B10446006C98B14FF05000C9
:1092400080F31188BFF36F8FBFF34F8FFEE700BF2E
:109250004FF0500080F31188BFF36F8FBFF34F8F33
:10926000FEE700BF0D4600F00BFA58B955B14FF0BC
:10927000500080F31188BFF36F8FBFF34F8F00BF93
:10928000FEE700BFFEF7EAFEA06BF8B10138A0636D
:10929000206810B9FEF7C6FAA06054F8100F70B13C
:1092A000204600F015FB50B14EF60450CEF20000FF
:1092B0004FF080510160BFF34F8FBFF36F8F0126D6
:1092C000FEF7F0FE304603B0BDE8F08F02980028AC
:1092D00000F0EA806846FFF74DF8FEF7E3FEFFF77F
:1092E0009DF9FEF7BBFE94F8440004F12408FF2822
:1092F00004BF002084F8440094F84500FF2804BF10
:10930000002084F84500FEF7CDFE684602A900F073
:10931000F7F868B12046FEF757F900F013FBFEF7A7
:109320009DFEA56BFEF7BEFE4FF000067DBBC9E7B4
:10933000FEF794FEA56BFEF7B5FE3DB12046FEF7A5
:1093400043F900F0FFFA002621E000BF206808B1D1
:10935000002607E0FEF782FEA06800F071FA0646DC
:10936000FEF7A0FE02994046FFF716F82046FEF7EA
:109370002BF900F0E7FA50B94EF60450CEF2000097
:109380004FF080510160BFF34F8FBFF36F8FFEF737
:1093900065FEA06B00287FF479AF4FF00009EB4623
:1093A00002AD11E02046FEF70FF900F0CBFAFEF710
:1093B00055FEA76BFEF776FE002F5FD0FEF74EFE40
:1093C000A06B00287FF462AF029800284AD0FEF715
:1093D00069FEFFF723F9FEF741FE94F84400FF28E9
:1093E00008BF84F8449094F84500FF2808BF84F82B
:1093F0004590FEF757FE5846294600F081F80028B0
:10940000D0D1FEF72BFED4F838A0FEF74BFEBAF110
:10941000000F05D02046FEF7D7F800F093FACDE70D
:10942000206838B9FEF71AFEA06800F009FA06466F
:10943000FEF738FE02994046FEF7AEFF2046FEF7E3
:10944000C3F800F07FFA0028B8D14EF60450CEF2EF
:1094500000004FF080510160BFF34F8FBFF36F8F5B
:10946000ACE700BF06B34FF0500080F31188BFF3A4
:109470006F8FBFF34F8F00BFFEE700BF56B1FEF7FF
:10948000EDFDD8F8000058B1206B0068C0F138013C
:1094900007E000BF0026304603B0BDE8F08F00BFF4
:1094A0000021A068FEF7F0FF0026FEF7FBFD304626
:1094B00003B0BDE8F08F000080B170B58668044647
:1094C0000D4600F0D7F8864212D020462946FFF715
:1094D000ADFE98B1E1680131E16070BD4FF0500020
:1094E00080F31188BFF36F8FBFF34F8FFEE700BF8C
:1094F0000120E1680131E16070BD00BF002070BD56
:10950000B0B548B30C4689B30546FEF7A7FD40F257
:109510008C0CC2F2000CDCF818302268501C2FD0E2
:10952000AE4668682D68DCF83810A94201D0834245
:109530002ED2181A824229D9101A2060DCF838007D
:109540000024CEF80000DCF81800CEF80400FEF786
:10955000A9FD2046B0BD00BF4FF0500080F3118838
:10956000BFF36F8FBFF34F8FFEE700BF4FF0500088
:1095700080F31188BFF36F8FBFF34F8FFEE700BFFB
:109580000024FEF78FFD2046B0BD00BF0020206004
:109590000124FEF787FD2046B0BD00002DE9F04113
:1095A00084B007469000984615460E46FEF746F8EA
:1095B000F8B104465C20FEF741F8B8B1DDE90A21B4
:1095C0000023046380F85930CDE900210446384671
:1095D00031462A4643460294FDF72EFD2046FDF70C
:1095E000A1FB012004B0BDE8F08100BF2046FEF7DA
:1095F00071FD4FF0FF3004B0BDE8F08170B586B06A
:109600000B9CCCB10C9E0EB35C250495049D5C2D87
:1096100026D1049DDDF828C0022586F8595005ADF5
:109620003463CDE900C50296FDF706FD3046FDF72F
:1096300079FB059806B070BD4FF0500080F311889B
:10964000BFF36F8FBFF34F8FFEE700BF4FF05000A7
:1096500080F31188BFF36F8FBFF34F8FFEE700BF1A
:109660004FF0500080F31188BFF36F8FBFF34F8F1F
:10967000FEE7000040F28C00C2F200000068704774
:1096800040F28C00C2F20000016900290FBF0120E6
:109690004069B0FA80F0400918BF400070470000F0
:1096A00040F28C00C2F20000806970472DE9F0435F
:1096B00081B040F28C06C2F20006706940B1706B56
:1096C000002401307063204601B0BDE8F08300BF84
:1096D000B06910F10109C6F8189020D3F06900684C
:1096E00050B14FF0500080F31188BFF36F8FBFF37C
:1096F0004F8F00BFFEE700BFF069316AF161306251
:10970000B06B0130B063F069006828B1F069C068DF
:10971000C068406802E000BF4FF0FF30F062F06ABE
:1097200040F698188145C2F2000801D200242EE0CC
:10973000F0690024006813E0F86A716A884288BF03
:10974000706200EB800008EB80002946FEF778FC91
:10975000F86A3168C96AF269884228BF0124106832
:1097600090B1F069C068C7683D4655F8040F81455F
:109770000CD32846FEF7F4FBB86A0028DCD007F1CA
:109780001800FEF7EDFBD7E74FF0FF30F0623068CE
:10979000C06A00EB800058F82000012888BF01242F
:1097A000306B002818BF0124204601B0BDE8F083CB
:1097B00070B588B140F28C05C2F200052968884274
:1097C0000CD04FF0500080F31188BFF36F8FBFF3C0
:1097D0004F8F00BFFEE700BF002070BD016D29B3B1
:1097E000013901654FF000011DD1C26AC36C9A4274
:1097F00019D0041D06462046FEF7B2FBF06CC0F1FE
:109800003801F062B161696A884240F6981188BFF8
:10981000686200EB8000C2F2000101EB800021468B
:10982000FEF70EFC0121084670BD00BF4FF050004E
:1098300080F31188BFF36F8FBFF34F8FFEE70000F7
:10984000002804BF00207047F0B581B040F28C05BD
:10985000C2F20005C16A2A68D26A914218D28269AE
:10986000002A04D42A68D26AC2F13802826140F622
:109870009816426901EB8101C2F2000606EB8101F4
:109880008A420FD02968C96AC162012001B0F0BDC7
:10989000C16C2868C26A0020914238BF012001B023
:1098A000F0BD00BF041D07462046FEF759FB28689F
:1098B000C06AF862696A884288BF686200EB80000B
:1098C00006EB80002146FEF7BBFB012001B0F0BD96
:1098D00070B5C068C5686DB105F118042046FEF783
:1098E0003FFB40F28C06C2F20006706960B106F1DF
:1098F00064001AE04FF0500080F31188BFF36F8FBF
:10990000BFF34F8FFEE700BF2C1D2046FEF728FB5C
:10991000E86A716A884240F6981188BF706200EB6D
:109920008000C2F2000101EB80002146FEF788FBB7
:10993000E86A3168C96A884292BF0020012030631A
:1099400070BD00002DE9F04140F28C05C2F2000527
:10995000686968B1FEF782FB686901386861686907
:1099600080B10024FEF79EFB2046BDE8F08100BFD9
:109970004FF0500080F31188BFF36F8FBFF34F8F0C
:10998000FEE700BFE8680028EBD0686E88B340F6B9
:109990009816C2F200064FF0010800BF286FC76892
:1099A00007F11800FEF7DCFA3C1D2046FEF7D8FA56
:1099B000F86A696A884288BF686200EB800006EB3B
:1099C00080002146FEF73CFBF86A2968C96A884294
:1099D00028BFC5F83080686E0028DFD1E8690068CC
:1099E00020B1E869C068C068406801E04FF0FF300E
:1099F000E8626C6B4CB10126FFF758FE002818BFD7
:109A00002E63013CF8D100206863286B0028A8D0A1
:109A10004EF60450CEF200004FF080510160BFF3CB
:109A20004F8F0124BFF36F8FFEF73CFB2046BDE84C
:109A3000F08100002DE9F04182B004462C209846C8
:109A400015460F46FDF7FAFD064660B1DDF820C069
:109A5000002086F82800204639462A464346CDE9AC
:109A600000C6FDF76BFB304602B0BDE8F081000098
:109A7000B0B584B02C240394039C2C2C0ED1099DEA
:109A8000039CADB1DDF820C0022485F82840CDE963
:109A900000C5FDF753FB284604B0B0BD4FF05000A1
:109AA00080F31188BFF36F8FBFF34F8FFEE700BFC6
:109AB0004FF0500080F31188BFF36F8FBFF34F8FCB
:109AC000FEE7000070B586B0FEF7C8FA40F2041653
:109AD000C2F20006306808BB06F114042046FEF707
:109AE0006DFA06F128052846FEF768FA40F6A70247
:109AF00040F64813C6E902450025C2F20002C2F250
:109B000000030A2010210095FEF772FF306028B193
:109B10004BF28521C0F60001FEF796FBFEF7C2FA74
:109B20003068D8B10020CDE9040005A804A903AA33
:109B3000FEF736FADDE903200221059DCDE900108C
:109B400047F24D20C0F6000009A100230295FFF75F
:109B500055FD706010B1012006B070BD4FF050008F
:109B600080F31188BFF36F8FBFF34F8FFEE700BF05
:109B7000546D722053766300E0B110B584B040F2AA
:109B80000414C2F2000484462068E8B10529CDE936
:109B90000012CDF808C01BDCFFF772FD01462068FB
:109BA00002291DD1069A69460023FEF78FFF04B0F3
:109BB00010BD00BF4FF0500080F31188BFF36F8FCE
:109BC000BFF34F8FFEE700BF002004B010BD00BF01
:109BD00069461A460023FFF7D9F804B010BD00BF4C
:109BE000694600220023FEF771FF04B010BD00009B
:109BF00060B110B50446FEF731FA94F8280000F081
:109C00000104FEF74FFA204610BD00BF4FF0500090
:109C100080F31188BFF36F8FBFF34F8FFEE7000013
:109C200021F0004201F00043A2F16052B2F5801F22
:109C300028BFD2F17F6C0BD95FEA001C43EAC20255
:109C400042EB507018BF704728BF20F001007047EA
:109C5000B2F5801FBCBF184670474FEA410C1CF597
:109C6000001F02D2084600F0B0BF70B500F0D2FB72
:109C700000000089FFF7F6BF4FF00040A0F580001C
:109C80007047000010B591EA030F48BF83F000430E
:109C900000F11C84841A71EB030C05D2121943EBFA
:109CA0000C03001B61EB0C014FEA1154A4EB135C95
:109CB000DFF81CE11EEA430F18BF9EEA445F00F084
:109CC000748021EA045123EA0E0343F48013DCF18B
:109CD000200E32D322FA0CFE10EB0E0023FA0CFEFB
:109CE00041EB0E01CCF1200E03FA0EFE10EB0E003C
:109CF000CCF1200E51F10001B1F5801F32D201EB01
:109D0000045112FA0EF2BDE8104058BF7047401CD3
:109D100038BF5FEA420218BF7047002814BF20F026
:109D2000010041F100014FEA410313F5001F38BF64
:109D30007047A1F1C04100F0BBBB012A43EB030215
:109D4000ACF1200CDCF11F0E32BF4FF0000E23FAF5
:109D50000CF310EB030041EB0451B4EB115FD0D0D6
:109D6000A1EB045101F58011490801EB04515FEAB0
:109D700030000ED350F1000038BF12FA0EFE08D1A9
:109D8000BDE81040C9E7401C38BF5FEA4202CAD1B3
:109D9000C3E7BDE810404FEA410313F5001F38BF89
:109DA0007047A1F1C04100F083BB9EEA445F08D038
:109DB00011EA5E0FBDE8104004BF01F00041002031
:109DC0007047BDE8104070B500F024FB64FBBE3E58
:109DD0000000E0FF491058BFC1F140415B1058BF7F
:109DE000C3F140438B42EFF3008070472DE9C0413F
:109DF00030B4DFF8A8C23CEA111418BF3CEA1314CF
:109E000000F0F0801CEA111481EA030544EAD574DD
:109E100018BF1CEA131500F0CB80A4EB050404F175
:109E20007F7404F500344FF0004545EAC12145EA4E
:109E3000C32341EA505143EA52534FEAC0204FEA4C
:109E4000C222994208BF904200F0A0804FEA1365F9
:109E50000FF24816765D4FEA134506FB05F7C7F18A
:109E6000807706FB07F74FEAD737A7FB03687642F0
:109E7000A7FB06CEC8F5803838BFA8F1010807FB5C
:109E800008E6A6FB028C4FF0000EE6FB03CED8F1ED
:109E900000086FEA0C0C5CF1000C6FEA0E0E4EF13C
:109EA000004EA6FB0C584FF00007E6FB0E87A1FB07
:109EB00008C6A0FB07CE16EB0E064FF0000545F1D5
:109EC0000005E1FB076515F1E04E7EBFA4F5803487
:109ED0005FEA46066D4116F1800745F100054FEA3D
:109EE000172747EA05674FEA15254FEA0666A6F1E8
:109EF000DE46B6F1805F20D9384605EBC47124F008
:109F0000010C01EB0C11BCF1FE6F02D8F0BCBDE8F6
:109F1000008124425CBF01F5801E9EEAC47F02D40A
:109F2000F0BCBDE80081244200F13980A1F1C041BC
:109F3000F0BCBDE8004100F0BBBA4FEAD02040EAD7
:109F400041504FEAD1214FEAD22242EA43524FEA2E
:109F5000D323A7FB028607FB036605FB02661EEA06
:109F60000E0F58BFA6EB0056B6EB00564FEA520E46
:109F70004EEAC37E18EB0E0E56EB530EBCD518EB13
:109F800002085E417F1C55F10005B5E74FF48015CE
:109F90004FF000074FF000064FF00008ACE701F16A
:109FA000C04101F000414FF00000F0BCBDE800816D
:109FB0000CEA131511EA0C1F00D00CE013EA0C1F79
:109FC00000F025804FF0000081EA030101F000411C
:109FD000F0BCBDE80081F0BCBDE8004181EA0301AE
:109FE00000F066BAF0BCBDE8004170B500F012FAAE
:109FF000097EFC3E00F007B84FF0000081EA030143
:10A0000001F00041704781EA030100F051BAF0BC51
:10A01000BDE8004122494FF000007047FFFDFBF909
:10A02000F7F5F4F2F0EEEDEBE9E8E6E4E3E1E0DE8B
:10A03000DDDBDAD8D7D5D4D3D1D0CFCDCCCBCAC8FD
:10A04000C7C6C5C4C2C1C0BFBEBDBCBBBAB9B8B724
:10A05000B6B5B4B3B2B1B0AFAEADACABAAA9A8A817
:10A06000A7A6A5A4A3A3A2A1A09F9F9E9D9C9C9BE5
:10A070009A99999897979695959493939291919090
:10A080008F8F8E8E8D8C8C8B8B8A89898888878721
:10A090008685858484838382828181800000FF0796
:10A0A0000000F87F51EA030C17D41CF5801F58BF3D
:10A0B000BCF5801F00F10680994218BF704708BFA9
:10A0C0009042704707D711F5801F58BF13F5801FC6
:10A0D00019D499427047894270471CF5801F08D5F2
:10A0E000BCF5801FF7D58B4218BF704708BF82426E
:10A0F00070474FF4001C1CEB410F38BF1CEB430FA3
:10A1000001D28B42704770B500F084F99224490067
:10A110004FF000514FF08053FFF75CBE4FEA410310
:10A120004FEA5353A3F58063D3F11E03C8BFD3F1A5
:10A13000210C0CDD4FF0004242EAC12242EA5052AB
:10A1400032FA03FC8CEAE17CACEBE1707047102B37
:10A15000C4BF0020704703F5787CBCF1FF3F04D0FA
:10A160006FF0004282EA2100704770B500F052F9AA
:10A170004992248000207047F2E710F0004248BF67
:10A180004042B0FA80F310FA03F10AD0C3F11D0384
:10A1900003F5806302EB03524FEA415002EBD121F9
:10A1A00070474FF000007047B0FA80F310FA03F1E7
:10A1B0000AD0C3F11D0303F580634FEA03524FEA4F
:10A1C000415002EBD12170474FF000007047000072
:10A1D00051EA030C17D41CF5801F58BFBCF5801F33
:10A1E00000F10680994218BF704708BF904270473F
:10A1F00007D711F5801F58BF13F5801F19D4994256
:10A200007047894270471CF5801F08D5BCF5801F38
:10A21000F7D58B4218BF704708BF824270474FF492
:10A22000001C1CEB410F38BF1CEB430F01D28B42CB
:10A23000704770B500F0EEF8922449004FF080515D
:10A240004FF00053FFF7C6BD51EA030C17D41CF5BD
:10A25000801F58BFBCF5801F00F10680994218BFCF
:10A26000704708BF9042704707D711F5801F58BF4D
:10A2700013F5801F19D499427047894270471CF525
:10A28000801F08D5BCF5801FF7D58B4218BF7047DB
:10A2900008BF824270474FF4001C1CEB410F38BFCF
:10A2A0001CEB430F01D28B42704770B500F0B2F83F
:10A2B000922449004FF000514FF08053FFF78ABDC0
:10A2C00070B5DFF848C11CEA111E1EBF1CEA131549
:10A2D0009EEA0C0F95EA0C0F00F06F8081EA0304F0
:10A2E0004EEAD47EAE4421EA4C1123EA4C1341F4E9
:10A2F000801143F48013AEF17F7EA1FB024CA0FBE2
:10A300000365361955EB0C05A1FB034C4CF100031A
:10A31000A0FB021C16EB0C06654153F10003094239
:10A3200018BF46F0010613F4007F0BD14FEA03314A
:10A330004FEA053041EA155140EA165034036FF0F8
:10A3400003020AE04FEAC3214FEAC52041EA555112
:10A3500040EA5650F4026FF0020202EB2E4201EB8B
:10A36000025585EACE710AD05FEA440C18BF24F08A
:10A37000004450F1000041F1000120EAD47040F2A5
:10A38000FE7C624500D270BDA84214BF4FF08044ED
:10A390004FF04044002E08BF0024BEF1806FA8BFDC
:10A3A000A1F1C041BDE8704080F2828001F1C0415E
:10A3B00001F000414FF0000070470CEA13159EEACF
:10A3C0000C0F18BF95EA0C0F06D081EA030E4FF070
:10A3D00000000EF0004170BD00F01CF88900013E45
:10A3E00000F007B800F009B84FEA430C5FEA5C5C84
:10A3F00008D081EA030100F05BB84FEA410C5FEA44
:10A400005C5CF6D102494FF0000070470000FF0786
:10A410000000F87F0EF1020E2EF0030E5EF8046BC2
:10A42000364205D4012A43EB030515F5001F12D867
:10A43000012841EB010C1CF5001F0CD80ED14FEA8E
:10A44000D17C0CEB4C0C0CF1020C15F5001F08BF75
:10A450004CEBD37C04E04FF0080C01E04FEAD37CD6
:10A460000CEB4C0526FA05F606F00706B6F1040CCF
:10A4700006D20EEB860CBDE870404CF0010C604734
:10A48000DFE80CF0090B02024FF00041A1F50021BA
:10A490004FF0000070BD19461046012851EB010431
:10A4A00018BFD4F5001484BF002001F0004170BD36
:10A4B0000808A0F500114FEA3101704710B591EA84
:10A4C000030F48BF83F000433FF5E4AB841A71EB00
:10A4D000030C07D28CF0004C121943EB0C03001B49
:10A4E00061EB0C014FEA1154A4EB135CDFF8A4E11B
:10A4F0001EEA430F18BF9EEA445F00F0B48021EAD1
:10A50000045123EA6E035242C3EB6E0338BF5B1E55
:10A51000DCF1200E25D322FA0CFE10EB0E0043FADC
:10A520000CFE41EB0E01CCF1200E03FA0EFE10EBF7
:10A530000E00CCF1200E51F1000129D401EB0451A1
:10A5400012FA0EF2BDE8104058BF7047401C1CBF05
:10A55000B2F1004F704700280CBF491C20F00100E9
:10A56000704712EB020E43EB030218BF4FF0010ECF
:10A570004EEA4202ACF1200CDCF11E0E56D943FA31
:10A580000CFE10EB0E00CCF11E0E51F1FF31D5D5B3
:10A590000EF1010E12FA0EFE404141EB010101EBFA
:10A5A000445C5FEA5C5C10D901EB045110EBDE7097
:10A5B00038BFBEF1004FBDE8104018BF70470028FB
:10A5C0000CBF491C20F00100704734D24FEAD42C54
:10A5D00024F4006411F500111BD0B1FA81F20B3A9A
:10A5E000A41AA41ED2F12003914030FA03F31943B8
:10A5F000904001EBCC7101EB0451002CBDE8104000
:10A60000A8BF704701F1C04101F000414FF00000C8
:10A610007047B0FA80F310FA03F102D1BDE81040A0
:10A620007047E41A173C4805C90AE2E701EB0451F8
:10A63000BDE81040704749104FEA300001EB04516B
:10A64000BDE8104002E04FF0000170474A0008BF2B
:10A650000042F8D0B2F5001F28BF704701F000415A
:10A660004FF0000070479EEA445F07D011EA5E0F8A
:10A67000BDE8104004BF002100207047BDE8104035
:10A6800070B5FFF7C7FE00BF40DFF63E104683F00F
:10A69000004170470000E0FF43004FEAD30C4FEA4F
:10A6A0003C0C43401FBF40070CF1605113F0FE4FBC
:10A6B00070471CF0006F03D10CF000410020704780
:10A6C0000CF0004343EA507040EACC0010B500F0B3
:10A6D00036FA00BF000000924FEA0001FFF7E8BE23
:10A6E0004FF00041A1F500214FF00000704700003D
:10A6F00090EA010F48BF81F0004100F17282421AD6
:10A700003CBF801A89184FEAD052A2EBD1534FF0C8
:10A710007F4C1CEA410F18BF9CEA026F00F03B809F
:10A720004FF0004C4CEA00204CEA012121FA03FCD6
:10A7300010EB0C0C1ED202F1FF325FEA1C2040EB42
:10A74000C25038BF70471CF07F0F4FEA400C18BF53
:10A75000BCF17F4F38BF7047C3F12003994008BF59
:10A7600020F00100BCF17F4F38BF7047A0F1C0401E
:10A7700000F02BBA4FEA3C00000A40EBC25028BF61
:10A780001CF0FF0F4FEA400CE6D018BFBCF17F4F22
:10A7900038BF7047EAE79CEA026F05D010EA5C0F09
:10A7A00008BF00F00040704710B500F0C8F900BFC6
:10A7B00064FBBE3E10B5FFF775FC0CBF0120002006
:10A7C00010BD10B5FFF76EFC14BF0120002010BDB6
:10A7D00010B5FFF7FDFC8CBF0120002010BD10B5A7
:10A7E000FFF7F6FC2CBF0120002010BD10B5FFF7CD
:10A7F0002BFD94BF0120002010BD10B5FFF724FDF4
:10A8000034BF0120002010BD10B500F033F80CBF9C
:10A810000120002010BD10B500F02CF814BF01205D
:10A82000002010BD10B500F0A1F88CBF0120002061
:10A8300010BD10B500F09AF82CBF0120002010BD0B
:10A8400010B500F0C7F894BF0120002010BD10B56E
:10A8500000F0C0F834BF0120002010BD401058BFE8
:10A86000C0F14040491058BFC1F140418142EFF36F
:10A870000080704750EA010C00F113801CF5000FB6
:10A8800058BFBCF5000F01D48842704707D710F5B8
:10A89000000F58BF11F5000F15D488427047894248
:10A8A00070471CF5000F04D5BCF5000FF7D58142A9
:10A8B00070474FF0807C1CEB400F38BF1CEB410F02
:10A8C00001D28142704710B500F039F99224490055
:10A8D0004FF000504FF08051FFF7C0BF41000B0E0A
:10A8E000D3F19E0208D950F400034FEA032323FA60
:10A8F00002F048BF4042704710B500F020F900BF99
:10A9000049922480002070476FF0004282EA2000C4
:10A910007047000010F0004148BF4042B0FA80F399
:10A9200010FA03F2C3F19D030BD051EAC35101EBBE
:10A930001220530638BF704700F1010008BF20F015
:10A9400001007047B0FA80F310FA03F2C3F19D03DF
:10A950000AD0D90501EB1220530638BF704700F129
:10A96000010008BF20F001007047000050EA010C10
:10A9700000F113801CF5000F58BFBCF5000F01D487
:10A980008842704707D710F5000F58BF11F5000F28
:10A9900015D488427047894270471CF5000F04D5D2
:10A9A000BCF5000FF7D5814270474FF0807C1CEB5F
:10A9B000400F38BF1CEB410F01D28142704710B5E8
:10A9C00000F0BDF8922449004FF080504FF0005144
:10A9D000FFF744BF50EA010C00F113801CF5000F93
:10A9E00058BFBCF5000F01D48842704707D710F557
:10A9F000000F58BF11F5000F15D4884270478942E7
:10AA000070471CF5000F04D5BCF5000FF7D5814247
:10AA100070474FF0807C1CEB400F38BF1CEB410FA0
:10AA200001D28142704710B500F089F892244900A4
:10AA30004FF000504FF08051FFF710BF4FF47F0CE4
:10AA40001CEAD0121EBF1CEAD11392EA0C0F93EA43
:10AA50000C0F00F0478090EA010F48BF42F480726B
:10AA60004FF0004C4CEA00204CEA012102EB0302BB
:10AA7000A0FB0113A2F50002002918BF43F0010357
:10AA80005B0028BF4FEA330342EB22425FEA132CFC
:10AA90004CEBC2502EBFBCEB436FB2F57C0F70473E
:10AAA0004FEA036CBCF1004F08BF20F00100B2F583
:10AAB0007C0F38BF70470BD582F0FF0212F5803F44
:10AAC000C8BF704700F1C040D8BF00F000407047D9
:10AAD00000F5000C5FEA4C0C48BF7047B0F1C04075
:10AAE00000F073B80CEAD11390EA010F48BF42F4AA
:10AAF0008072624538BF634504D280EA010000F0ED
:10AB00000040704710B500F01AF800BF8900013E00
:10AB100000F007B800F009B85FEA410C5FEA1C6C6E
:10AB200008D080EA010000F050B85FEA400C5FEA0C
:10AB30001C6CF6D14FF00040A0F5800070470EF17C
:10AB4000020E2EF0030E5EF8044B244204D44FEAAA
:10AB50004102B2F17F4F11D84FEA4003B3F17F4F6A
:10AB60000CD80ED14FEAD07C0CEB4C0C0CF1020C43
:10AB7000B2F17F4F08BF4CEBD17C04E04FF0080CE2
:10AB800001E04FEAD17C0CEB4C0324FA03F404F00F
:10AB90000704B4F1040C06D20EEB840CBDE810409F
:10ABA0004CF0010C6047DFE80CF0070802024FF0A0
:10ABB0000040A0F5800010BD0846420018BFD2F149
:10ABC000807288BF00F0004010BDFF2141EAD050E4
:10ABD000C005704790EA010F48BF81F000413FF582
:10ABE0008EAD421A04D882F00042A0EB020011445C
:10ABF0004FEAD052A2EBD1534FF07F4C1CEA410FE9
:10AC000018BF9CEA026F4AD04FF0004C4CEA00207B
:10AC10004CEA012121FA03FCB0EB0C0C0FD412F02A
:10AC2000FE0F36D05FEA4C001DD5001240EBC2503B
:10AC300038BF70471CF03F0F18BF70470BE05FEA4A
:10AC40001C20A2F1010240EBC25038BF70471CF03B
:10AC50007F0F18BF7047C3F12003994014BF401EF7
:10AC600020F0010070474FEA1223800808BF7047A8
:10AC7000B0FA80FCA2EB0C02CCF1280C60FA0CF0CC
:10AC800093EA122F04BF00EBC25070474FEAC37023
:10AC90007047130A5FEADC1008BF7047F6E79CEACA
:10ACA000026F04D010EA5C0F08BF0020704710B597
:10ACB000FFF745FF40DFF63E81F00040704700009F
:10ACC000000000000000010203040607080900005C
:10ACD000000001020304000040B200080000000070
:10ACE0000000000000000000000000000000000064
:10ACF00049B2000800000000000000000000000051
:10AD00000000000000020000080000000000000039
:10AD10000000000071B20008000000000000000008
:10AD2000000000000102000067B2000800000000FF
:10AD30000000000000000000000000000002000011
:10AD400028000000000000000000000051B20008D0
:10AD500000000000000000000000000000000000F3
:10AD600000020000150000000000000000000000CC
:10AD70005CB20008000000000000000000000000BD
:10AD800000000000000400001800000000000000A7
:10AD9000000000000C0600009CAD00080000000050
:10ADA00000000000000000000000FC0000000000A7
:10ADB00002000000000C020C020000000000000075
:10ADC00090D0BCD0BC900003000300001824FE44C7
:10ADD0008C000302070201001824D8B04C80000345
:10ADE00000010201C038E438E00001020201020261
:10ADF000080600000000000000000000000000F84D
:10AE00000402000000010204000204F80000000433
:10AE1000020100009060F860900000000100000056
:10AE20002020FC20200000000100000000000000A5
:10AE30000000080600000000202020202000000064
:10AE40000000000000000000000000020000000000
:10AE50000080601C0200040300000000F8040404E9
:10AE6000F8000102020201000008FC0000000002DC
:10AE700003020000188444241800030202020200A6
:10AE800008042424D80001020202010040B088FC1A
:10AE900080000000000302003C242424C4000102BE
:10AEA00002020100F824242CC00001020202010069
:10AEB0000C04E41C0400000003000000D824242437
:10AEC000D80001020202010038444444F8000003A3
:10AED000020201000000100000000000020000005B
:10AEE0000000200000000000060000000020508844
:10AEF0000402000000000102909090909000000079
:10AF00000000000000020488502000020100000040
:10AF10001804C4241800000002000000F804E4949F
:10AF2000F80001020202020000E09CF0800002032F
:10AF30000000030204FC2424D800020302020100E2
:10AF4000F80404040C0001020202010004FC0404E1
:10AF5000F80002030202010004FC24740C00020346
:10AF60000202030004FC24740C000203020000002F
:10AF7000F0080444CC4000010202010004FC20203F
:10AF8000FC040203000003020404FC0404000202A7
:10AF900003020200000404FC04040604040300008D
:10AFA00004FC24D00C0402030200030204FC04008D
:10AFB0000000020302020203FC3CC03CFC00030050
:10AFC0000300030004FC30C4FC040203020003007D
:10AFD000F8040404F80001020202010004FC242425
:10AFE0001800020302000000F8848404F800010243
:10AFF0000207050004FC2464980002030200030217
:10B00000182424448C000302020201000C04FC04F6
:10B010000C0000020302000004FC0000FC0400011C
:10B0200002020100047C80E01C0400000300000018
:10B030001CE03CE01C00000300030000049C609C3A
:10B040000400020300030200041CE01C04000002D0
:10B05000030200000C84641C0400020302020300CB
:10B060000000FE020200000007040400000E30C0D1
:10B070000000000000010200000202FE00000004C7
:10B0800004070000000402040000000000000000AB
:10B09000000000000000080808080808000002007E
:10B0A00000000000000000000040A0A0C00000015F
:10B0B0000202030204FC2020C0000003020201007F
:10B0C00000C02020600000010202020000C0202415
:10B0D000FC0000010202030200C0A0A0C0000001A9
:10B0E000020202000020F8242404000203020200ED
:10B0F0000040A0A0602000070A0A0A0404FC2020E7
:10B10000C0000203020003020020E400000000026D
:10B1100003020000000020E4000008080807000007
:10B1200004FC80E020200203020003020404FC006F
:10B130000000020203020200E020E020C000030041
:10B140000300030020E02020C000020302000302ED
:10B1500000C02020C00000010202010020E02020E9
:10B16000C000080F0A02010000C02020E00000011A
:10B17000020A0F0820E04020200002030200000025
:10B180000060A0A020000002020203000020F820BE
:10B19000000000000102020020E00020E0000001A9
:10B1A0000202030220E02080602000000301000072
:10B1B0006080E08060000003000300002060806089
:10B1C000200002030003020020E020806020080825
:10B1D000070100000020A06020000002030202001E
:10B1E000000020DE0200000000070400000000FF55
:10B1F00000000000000F00000002DE20000000043C
:10B200000700000002010204040200000000000028
:10B2100002030405060708090A0B0C0D0E0F101097
:10B220000C0C000009B300081200000094AD0008E7
:10B230007BB20008000000000000000000000000D9
:10B24000424C45517565756500424C455461736BC0
:10B250000053637265656E5461736B0053656E7362
:10B260006F725461736B00496E7075745461736BC7
:10B27000004265657054696D657200693263314DD5
:10B280007574657800546D7251002564252500257C
:10B29000642E2564006C696768745F696E74656EFE
:10B2A000736974795F68696768007B227479706577
:10B2B000223A227761726E696E67222C20227265B3
:10B2C00061736F6E223A222573222C202276616CE4
:10B2D0007565223A25642E25647D007B2274797081
:10B2E00065223A227761726E696E67222C20227283
:10B2F0006561736F6E223A222573222C20227661BB
:10B300006C7565223A25647D00E6B8A900889162D3
:10B3100018C05FD555D55FC00000070004070407BB
:10B320000407040700E5BAA60000FE0A8ABEABAA1D
:10B33000BE8A0A0200060104040502020504040094
:10B3400000E6B9BF0088916218803FD515D53F80CF
:10B3500000000700000405070407050400E59C9FA2
:10B36000000010101010FF10101010000004040452
:10B37000040407040404040400E5A3A40010FF125D
:10B38000AEAAFEA3FEAAAE820002010102010704DA
:10B390000102050400E9998D00FF8915E300D457E7
:10B3A000EA4A5652000700010001010107010101AC
:10B3B00000E99BA80001F9892949FF892949F90178
:10B3C00000000700010007000104070000E585896F
:10B3D00000101214F0101FF0101412900004040258
:10B3E000010000030404040700E785A70000FF49EB
:10B3F00049FF09F5939199F7000402000204000245
:10B400000400020400E6B0B4000808C83800FF08D1
:10B4100030C8040000020100020403000000010221
:10B4200000E6B3B500115149DD17F595553D010111
:10B4300000020201000407000102020200E284830C
:10B440000008141408E018040404080000000000B8
:10B45000000106080808040000E5BC80002021A1C6
:10B460007F212121FF212120000402010000000092
:10B470000700000000E585B30020242526A47CA455
:10B480002625240000040402010000000102040437
:10B4900000E68AA5008444FF2414FF21E929E7205F
:10B4A00000040407000007040201020400E8ADA63E
:10B4B00000155F555D575D545B565A12000000073A
:10B4C000050505050507000000E9988800FC00E96E
:10B4D000AAE8097D8B6D09FF000700020202040241
:10B4E0000102040700E580BC002010FC0302FAAE54
:10B4F000AB2AFA0200000007000407040505070450
:10B500000000000028B50008000000201000000026
:10B510005001000838B5000810000020E842000083
:10B520007001000800000000010000001000000091
:08B5300000127A00AAAAAAAADF
:04000005080000ED02
:00000001FF
